address,name,size,callers,callees,convention
00010010,dos_is_cdrom_drive_10010,112,1,2,__watcall
00010080,spiral_search_begin_10080,122,10,0,__watcall
00010100,spiral_search_end_10100,30,10,0,__watcall
00010120,spiral_search_next_10120,130,10,0,__watcall
000101b0,spiral_search_init_101b0,256,1,1,__watcall
000102b0,creature_check_terrain_102b0,278,2,5,__watcall
000103d0,terrain_cell_flag_bit_103d0,36,7,0,__watcall
00010480,terrain_type_mask_at_10480,176,14,0,__watcall
00010530,math_bbox_overlap_10530,137,1,0,__watcall
000105c0,thing_collide_105c0,37,25,1,__watcall
000105f0,thing_find_collision_105f0,316,7,4,__watcall
00010730,thing_find_mana_near_10730,314,1,4,__watcall
00010870,thing_find_mana_ball_touching_10870,263,1,4,__watcall
00010980,thing_find_collision_other_owner_10980,310,1,4,__watcall
00010ac0,thing_exists_near_pos_10ac0,253,1,1,__watcall
00010bc0,terrain_height_at_10bc0,22,71,1,__watcall
00010be0,terrain_height_at_offset_10be0,78,0,1,__watcall
00010c30,terrain_max_corner_level_10c30,114,0,0,__watcall
00010cb0,terrain_minmax_along_path_10cb0,99,0,2,__watcall
00010d20,thing_area_damage_10d20,1073,11,1,__watcall
00011160,thing_area_damage_11160,738,1,1,__watcall
00011450,thing_area_damage_11450,646,2,1,__watcall
000116e0,thing_try_damage_116e0,214,0,1,__watcall
000117c0,thing_add_pending_damage_117c0,95,2,0,__watcall
00011820,castle_near_thing_11820,148,0,0,__watcall
000118c0,castle_crush_wizards_118c0,192,1,1,__watcall
00011980,castle_footprint_clear_11980,606,3,2,__watcall
00011be0,castle_site_clear_at_pos_11be0,226,2,0,__watcall
00011ce0,stub_return_zero_11ce0,15,0,0,__watcall
00011cef,dead_castle_site_search_11cef,157,0,1,__watcall
00011de0,ai_wizard_update_11de0,307,0,11,__watcall
00011f20,player_ai_wizard_tick_11f20,1031,1,12,__watcall
00012330,ai_choose_goal_12330,313,1,17,__watcall
00012470,ai_mode1_upgrade_castle_12470,220,1,4,__watcall
00012550,ai_goal_none_12550,3,1,0,__watcall
00012560,ai_mode3_fly_to_castle_site_12560,160,1,3,__watcall
00012600,ai_mode4_approach_target_12600,125,1,3,__watcall
00012680,ai_mode12_idle_12680,100,2,3,__watcall
000126f0,ai_mode11_return_home_126f0,311,1,7,__watcall
00012830,ai_mode6_collect_mana_12830,275,1,5,__watcall
00012950,ai_mode7_attack_castle_12950,297,1,5,__watcall
00012a80,ai_mode8_thunk_12a80,14,1,1,__watcall
00012a90,ai_mode8_attack_wizard_12a90,319,1,6,__watcall
00012bd0,ai_find_castle_site_12bd0,411,1,4,__watcall
00012d70,ai_goal_repair_castle_12d70,126,0,1,__watcall
00012df0,ai_goal_upgrade_castle_12df0,149,1,2,__watcall
00012e90,ai_goal_collect_mana_12e90,213,1,3,__watcall
00012f70,ai_goal_retreat_12f70,132,1,1,__watcall
00013000,ai_goal_attack_castle_13000,516,1,5,__watcall
00013210,ai_goal_attack_wizard_13210,551,1,5,__watcall
00013440,ai_goal_attack_type3_13440,405,1,4,__watcall
000135e0,ai_goal_disabled_135e0,18,0,1,__watcall
00013600,ai_goal_creature_near_rival_13600,354,0,3,__watcall
00013770,ai_goal_hunt_creature_13770,265,1,3,__watcall
00013880,ai_set_mode0_13880,23,0,0,__watcall
000138a0,ai_set_mode1_138a0,23,1,0,__watcall
000138c0,ai_set_mode2_138c0,23,0,0,__watcall
000138e0,ai_set_mode3_138e0,23,1,0,__watcall
00013900,ai_set_mode4_13900,23,0,0,__watcall
00013920,ai_set_mode5_13920,23,0,0,__watcall
00013940,ai_set_mode6_13940,23,1,0,__watcall
00013960,ai_set_mode7_13960,23,1,0,__watcall
00013980,ai_set_mode13_13980,23,1,0,__watcall
000139a0,ai_set_mode9_139a0,23,1,0,__watcall
000139c0,ai_set_mode8_139c0,23,1,0,__watcall
000139e0,ai_set_mode10_139e0,23,0,0,__watcall
00013a00,ai_set_mode11_13a00,23,1,0,__watcall
00013a20,ai_goal_default_13a20,146,1,1,__watcall
00013ac0,ai_get_spell_thing_13ac0,71,15,0,__watcall
00013b10,ai_wizard_move_13b10,459,1,6,__watcall
00013ce0,ai_find_mana_ball_target_13ce0,478,1,5,__watcall
00013ec0,player_find_nearest_by_type_13ec0,220,2,1,__watcall
00013fa0,player_find_nearest_wizard_excl_13fa0,112,1,1,__watcall
00014010,player_find_nearest_castle_excl_14010,106,1,1,__watcall
00014080,thing_signature_14080,26,11,0,__watcall
000140a0,ai_target_valid_140a0,33,6,1,__watcall
000140d0,ai_approach_target_140d0,282,7,5,__watcall
00014240,ai_cast_spell_14240,945,10,5,__watcall
00014640,ai_spell_ready_14640,825,8,3,__watcall
00014980,ai_castle_spell_ready_14980,286,1,3,__watcall
00014aa0,ai_spell_active_14aa0,47,1,1,__watcall
00014ad0,ai_can_afford_spell_14ad0,47,3,1,__watcall
00014b00,ai_spawn_spells_14b00,316,1,0,__watcall
00014c40,ai_spell_in_progress_14c40,35,2,1,__watcall
00014c70,ai_choose_attack_spell_14c70,655,1,5,__watcall
00014f00,ai_choose_castle_attack_spell_14f00,483,1,3,__watcall
000150f0,ai_record_threat_from_projectiles_150f0,695,1,0,__watcall
000153b0,ai_find_incoming_projectile_153b0,110,1,1,__watcall
00015420,ai_set_dodge_steer_15420,17,1,0,__watcall
00015460,ai_counter_projectile_15460,120,1,3,__watcall
000154e0,ai_has_any_attack_spell_154e0,88,5,1,__watcall
00015540,ai_cache_human_wizard_15540,62,1,0,__watcall
00015590,player_mouse_steer_15590,245,1,0,__watcall
000156b0,player_function_keys_156b0,3948,1,7,__watcall
00016660,player_local_input_16660,2960,1,5,__watcall
00017270,player_queue_command_17270,1998,3,0,__watcall
00017a80,ui_button_table_dispatch_17a80,519,0,1,__watcall
00017d80,cue_script_step_17d80,601,2,14,__watcall
00017ff0,creature_kill_all_17ff0,93,1,0,__watcall
00018050,creature_segment_update_18050,243,0,5,__watcall
00018150,terrain_slope_at_18150,132,1,0,__watcall
000181e0,creature_move_step_181e0,1063,18,7,__watcall
00018610,creature_idle_seek_leader_18610,593,11,3,__watcall
00018870,creature_ai_step_18870,943,8,4,__watcall
00018c20,creature_attack_target_18c20,595,9,4,__watcall
00018e90,creature_follow_leader_18e90,817,13,4,__watcall
000191d0,creature_die_191d0,310,17,1,__watcall
00019310,creature_dead_drop_mana_19310,80,17,3,__watcall
00019360,creature_adopt_leader_19360,131,0,0,__watcall
000193f0,creature_attack_fire_193f0,165,0,3,__watcall
000194a0,creature_attack_arrow_194a0,161,0,4,__watcall
00019550,skeleton_attack_fire_19550,194,1,4,__watcall
00019620,creature_attack_melee_19620,68,0,2,__watcall
00019680,creature_attack_volley_19680,695,0,3,__watcall
00019940,creature_attack_fire_troll_19940,165,0,3,__watcall
000199f0,creature_attack_fire_griffon_199f0,159,0,3,__watcall
00019a90,creature_attack_fire_homing_desc_19a90,217,0,5,__watcall
00019b70,creature_dragon_s0_idle_19b70,16,0,1,__watcall
00019b80,creature_dragon_s1_main_19b80,31,0,2,__watcall
00019ba0,creature_dragon_s2_attack_19ba0,79,0,3,__watcall
00019bf0,creature_dragon_s3_follow_19bf0,31,0,2,__watcall
00019c10,creature_dragon_s4_dying_19c10,16,0,1,__watcall
00019c20,creature_dragon_s5_dead_19c20,16,0,1,__watcall
00019c30,creature_apply_zvel_19c30,64,3,1,__watcall
00019c70,creature_vulture_s6_seek_mana_19c70,157,0,4,__watcall
00019d10,creature_vulture_s7_main_19d10,195,0,2,__watcall
00019de0,creature_vulture_s8_attack_19de0,68,0,2,__watcall
00019e30,creature_vulture_s9_follow_19e30,16,0,1,__watcall
00019e40,creature_vulture_s10_dying_19e40,16,0,1,__watcall
00019e50,creature_vulture_s11_dead_19e50,16,0,1,__watcall
00019e60,creature_bee_s12_idle_19e60,32,0,1,__watcall
00019e80,creature_bee_s13_main_19e80,74,0,2,__watcall
00019ed0,creature_bee_s14_attack_19ed0,252,0,2,__watcall
00019fd0,creature_bee_s15_follow_19fd0,32,0,1,__watcall
00019ff0,creature_bee_s16_dying_19ff0,16,0,1,__watcall
0001a000,creature_bee_s17_dead_1a000,16,0,1,__watcall
0001a010,creature_worm_s18_idle_1a010,16,0,1,__watcall
0001a020,creature_worm_s19_main_1a020,16,0,1,__watcall
0001a030,creature_worm_s20_attack_1a030,68,0,2,__watcall
0001a080,creature_worm_s21_follow_1a080,16,0,1,__watcall
0001a090,creature_worm_s22_dying_1a090,16,0,1,__watcall
0001a0a0,creature_worm_s23_dead_1a0a0,16,0,1,__watcall
0001a0b0,creature_archer_s24_idle_1a0b0,35,0,2,__watcall
0001a0e0,creature_archer_s25_main_1a0e0,1356,0,6,__watcall
0001a630,creature_archer_s26_attack_1a630,186,0,2,__watcall
0001a6f0,creature_archer_s27_follow_1a6f0,35,0,2,__watcall
0001a720,creature_archer_s28_dying_1a720,33,0,2,__watcall
0001a750,creature_archer_s29_dead_1a750,16,0,1,__watcall
0001a760,creature_set_attack_sprite_1a760,140,3,1,__watcall
0001a7f0,creature_set_move_sprite_1a7f0,37,1,1,__watcall
0001a820,creature_crab_s30_start_1a820,16,0,1,__watcall
0001a830,creature_crab_s31_main_1a830,1003,0,6,__watcall
0001ac20,creature_crab_s32_attack_1ac20,93,0,2,__watcall
0001ac80,creature_crab_s33_collect_mana_1ac80,584,0,6,__watcall
0001aed0,creature_crab_s34_dying_1aed0,16,0,1,__watcall
0001aee0,creature_crab_s35_dead_1aee0,16,0,1,__watcall
0001aef0,crab_target_nearest_mana_ball_1aef0,164,0,1,__watcall
0001afa0,creature_kraken_s36_idle_1afa0,16,0,1,__watcall
0001afb0,creature_kraken_s37_main_1afb0,66,0,2,__watcall
0001b000,creature_kraken_s38_attack_1b000,901,0,7,__watcall
0001b390,creature_kraken_s39_follow_1b390,66,0,2,__watcall
0001b3e0,creature_kraken_s40_dying_1b3e0,16,0,1,__watcall
0001b3f0,creature_kraken_s41_dead_1b3f0,16,0,1,__watcall
0001b400,creature_troll_s42_idle_1b400,16,0,1,__watcall
0001b410,creature_troll_s43_main_1b410,96,0,1,__watcall
0001b470,creature_troll_s44_attack_1b470,160,0,2,__watcall
0001b510,creature_troll_s45_follow_1b510,32,0,1,__watcall
0001b530,creature_troll_s46_dying_1b530,16,0,1,__watcall
0001b540,creature_troll_s47_dead_1b540,16,0,1,__watcall
0001b550,creature_griffon_s48_idle_1b550,16,0,1,__watcall
0001b560,creature_griffon_s49_main_1b560,982,0,4,__watcall
0001b940,creature_griffon_s50_attack_1b940,285,0,2,__watcall
0001ba60,creature_griffon_s51_follow_1ba60,16,0,1,__watcall
0001ba70,creature_griffon_s52_dying_1ba70,128,0,1,__watcall
0001baf0,creature_griffon_s53_dead_1baf0,16,0,1,__watcall
0001bb00,creature_skeleton_s54_rise_1bb00,107,0,4,__watcall
0001bb70,creature_skeleton_s55_main_1bb70,1642,0,10,__watcall
0001c1e0,skeleton_convert_villager_1c1e0,909,1,5,__watcall
0001c570,creature_skeleton_s56_attack_1c570,542,0,6,__watcall
0001c790,creature_skeleton_s57_follow_1c790,35,0,2,__watcall
0001c7c0,creature_skeleton_s58_dying_1c7c0,16,0,1,__watcall
0001c7d0,creature_skeleton_s59_dead_1c7d0,16,0,1,__watcall
0001c7e0,skeleton_set_attack_sprite_1c7e0,113,2,2,__watcall
0001c860,skeleton_set_idle_1c860,50,2,1,__watcall
0001c8a0,skeleton_start_convert_pose_1c8a0,27,1,1,__watcall
0001c8c0,skeleton_reset_convert_timer_1c8c0,29,1,1,__watcall
0001c8e0,creature_emu_s60_idle_1c8e0,16,0,1,__watcall
0001c8f0,creature_emu_s61_main_1c8f0,16,0,1,__watcall
0001c900,creature_emu_s62_attack_1c900,21,0,1,__watcall
0001c920,creature_emu_s63_follow_1c920,16,0,1,__watcall
0001c930,creature_emu_s64_dying_1c930,16,0,1,__watcall
0001c940,creature_emu_s65_dead_1c940,16,0,1,__watcall
0001c950,creature_genie_s66_vanish_appear_1c950,411,0,4,__watcall
0001caf0,creature_genie_s67_hidden_1caf0,910,0,6,__watcall
0001ce80,creature_genie_s68_attack_1ce80,877,0,9,__watcall
0001d1f0,creature_genie_s69_follow_1d1f0,16,0,1,__watcall
0001d200,creature_genie_s70_dying_1d200,16,0,1,__watcall
0001d210,creature_genie_s71_dead_1d210,16,0,1,__watcall
0001d220,creature_reset_target_1d220,75,1,2,__watcall
0001d270,genie_teleport_to_target_1d270,145,1,3,__watcall
0001d310,genie_absorb_mana_ball_1d310,264,2,3,__watcall
0001d420,terrain_rect_is_flat_1d420,135,1,1,__watcall
0001d4b0,castle_size_half_extents_1d4b0,115,1,0,__watcall
0001d540,creature_builder_s72_place_castle_1d540,1056,0,7,__watcall
0001d9d0,creature_builder_s73_wander_1d9d0,579,0,2,__watcall
0001dc20,creature_builder_s74_walk_to_castle_1dc20,618,0,4,__watcall
0001de90,creature_builder_s75_pick_castle_1de90,519,0,2,__watcall
0001e0a0,creature_builder_s76_dying_1e0a0,16,0,1,__watcall
0001e0b0,creature_builder_s77_dead_1e0b0,128,0,1,__watcall
0001e130,creature_townie_s78_nop_1e130,1,0,0,__watcall
0001e140,creature_townie_s79_main_1e140,944,0,4,__watcall
0001e4f0,creature_townie_s80_s81_nop_1e4f0,1,0,0,__watcall
0001e500,creature_townie_s82_dying_1e500,152,0,2,__watcall
0001e5a0,creature_townie_s83_dead_1e5a0,16,0,1,__watcall
0001e5b0,creature_trader_s84_nop_1e5b0,1,0,0,__watcall
0001e5c0,creature_trader_s85_main_1e5c0,960,0,4,__watcall
0001e980,creature_trader_s86_s87_nop_1e980,1,0,0,__watcall
0001e990,creature_trader_s88_dying_1e990,33,0,2,__watcall
0001e9c0,creature_trader_s89_dead_1e9c0,128,0,1,__watcall
0001ea50,creature_type15_s90_idle_1ea50,16,0,1,__watcall
0001ea60,creature_type15_s91_main_1ea60,623,0,5,__watcall
0001ecd0,creature_type15_s92_attack_1ecd0,526,0,6,__watcall
0001eee0,creature_type15_s93_follow_1eee0,16,0,1,__watcall
0001eef0,creature_type15_s94_dying_1eef0,16,0,1,__watcall
0001ef00,creature_type15_s95_dead_1ef00,16,0,1,__watcall
0001ef10,creature_stop_set_sprite_1ef10,64,1,1,__watcall
0001ef50,creature_reset_speed_sprite0_1ef50,27,1,1,__watcall
0001ef80,creature_type15_wander_1ef80,629,1,7,__watcall
0001f200,creature_wyvern_s96_idle_1f200,16,0,1,__watcall
0001f210,creature_wyvern_s97_main_1f210,204,0,2,__watcall
0001f2e0,creature_wyvern_s98_attack_1f2e0,888,0,8,__watcall
0001f660,creature_wyvern_s99_follow_1f660,16,0,1,__watcall
0001f670,creature_wyvern_s100_dying_1f670,16,0,1,__watcall
0001f680,creature_wyvern_s101_dead_1f680,16,0,1,__watcall
0001f690,creature_s102_s107_nop_1f690,1,0,0,__watcall
0001f6a0,creature_s108_s113_nop_1f6a0,1,0,0,__watcall
0001f6b0,creature_s114_s119_nop_1f6b0,1,0,0,__watcall
0001f6d0,music_mood_fade_cb_1f6d0,304,0,2,__watcall
0001f800,music_update_1f800,339,1,5,__watcall
0001f960,music_stop_1f960,137,13,4,__watcall
0001fa80,ret_stub_1fa80,1,1,0,__watcall
0001fab0,render_frame_1fab0,6196,1,21,__watcall
000212f0,ui_fill_bar_212f0,119,1,2,__watcall
00021370,ui_draw_player_list_21370,1619,1,7,__watcall
000219f0,ui_draw_status_bars_219f0,2797,1,6,__watcall
000224e0,ui_draw_sprite_blend_224e0,304,4,0,__watcall
00022610,ui_draw_sprite_tint_22610,331,4,0,__watcall
00022760,ui_draw_sprite_shaded_22760,179,0,0,__watcall
00022820,ui_draw_spell_icon_22820,76,1,2,__watcall
00022870,ui_draw_thing_label_22870,1282,1,10,__watcall
00022d80,ui_draw_spell_panel_icon_22d80,719,1,6,__watcall
00023050,dbg_draw_thing_timers_23050,239,0,3,__watcall
00023140,ui_copy_block_23140,273,0,0,__watcall
00023260,ui_fill_rect_tint_23260,173,0,0,__watcall
00023310,ui_shade_rect_23310,173,2,0,__watcall
000233c0,ui_draw_rect_outline_blend_233c0,315,0,0,__watcall
00023600,movie_subtitle_init_23600,148,1,5,__watcall
000236a0,movie_subtitle_show_236a0,46,2,2,__watcall
000236d0,movie_subtitle_clear_236d0,36,4,1,__watcall
00023700,movie_subtitle_free_23700,50,2,2,__watcall
00023740,movie_subtitle_set_colour_23740,38,1,1,__watcall
00023766,ret_stub_23766,1,1,0,__watcall
0002376f,terrain_max_drop_around_2376f,318,0,0,__watcall
000238b0,effect_explosion_update_238b0,464,0,9,__watcall
00023a80,effect_big_explosion_s1_update_23a80,381,0,6,__watcall
00023c00,effect_type2_s2_update_23c00,29,0,1,__watcall
00023c20,effect_fire_update_23c20,261,0,6,__watcall
00023d30,effect_marker_delete_update_23d30,14,0,1,__watcall
00023d40,effect_type3_s3_update_23d40,29,0,1,__watcall
00023d60,effect_splash_s5_update_23d60,96,0,3,__watcall
00023dc0,effect_volcano_update_23dc0,243,0,6,__watcall
00023ec0,effect_dent_s10_update_23ec0,94,0,3,__watcall
00023f20,terrain_modify_cells_spiral_23f20,156,1,4,__watcall
00023fc0,effect_crater_s11_update_23fc0,237,0,5,__watcall
000240b0,effect_type12_s12_update_240b0,67,0,3,__watcall
00024100,effect_white_smoke_update_24100,234,0,5,__watcall
000241f0,effect_black_smoke_update_241f0,224,0,5,__watcall
000242d0,effect_type4_s4_update_242d0,1,0,0,__watcall
000242e0,effect_earthquake_s15_update_242e0,193,0,4,__watcall
000243b0,effect_lava_blob_s16_update_243b0,626,0,7,__watcall
00024630,effect_meteor_s17_update_24630,465,0,8,__watcall
00024810,effect_eruption_s18_update_24810,633,0,4,__watcall
00024a90,effect_volcano_smoke_s19_update_24a90,384,0,7,__watcall
00024c10,effect_update_shared_24c10,1,0,0,__watcall
00024c20,effect_lightning_strike_s23_update_24c20,128,0,3,__watcall
00024ca0,effect_type24_s24_nop_24ca0,1,0,0,__watcall
00024cb0,effect_steal_mana_s25_update_24cb0,83,0,3,__watcall
00024d10,effect_type26_s26_update_24d10,67,0,3,__watcall
00024d70,terrain_ring_find_height_ne8_24d70,175,0,0,__watcall
00024e20,terrain_cell_raise_needed_24e20,137,3,0,__watcall
00024eb0,effect_wall_south_s28_update_24eb0,262,0,3,__watcall
00024fc0,effect_wall_north_s27_update_24fc0,238,0,3,__watcall
000250b0,effect_wall_east_s29_update_250b0,298,0,3,__watcall
000251e0,effect_path_piece_s32_update_251e0,137,0,2,__watcall
00025270,effect_canyon_digger_s34_update_25270,116,0,4,__watcall
000252f0,effect_ridge_raiser_s55_update_252f0,184,0,6,__watcall
000253b0,effect_teleport_s36_update_253b0,413,0,8,__watcall
00025550,effect_orbiter_s37_update_25550,171,0,4,__watcall
00025600,effect_age_tick_25600,33,0,1,__watcall
00025630,effect_type33_s35_update_25630,51,0,1,__watcall
00025670,effect_storm_cloud_s40_update_25670,365,0,4,__watcall
000257e0,effect_skeleton_army_s38_update_257e0,410,0,4,__watcall
00025980,effect_mana_ball_update_25980,1141,0,10,__watcall
00025e20,mana_ball_update_sprite_25e20,230,2,2,__watcall
00025f10,effect_mana_hoard_s42_update_25f10,201,0,2,__watcall
00025fe0,thing_drop_mana_ball_25fe0,308,2,3,__watcall
00026120,mana_ball_merge_26120,498,1,1,__watcall
00026320,castle_stamp_footprint_26320,858,1,2,__watcall
00026680,effect_castle_build_update_26680,1230,0,5,__watcall
00026b50,effect_castle_level_ground_s43_update_26b50,955,0,3,__watcall
00026f10,effect_castle_raise_terrain_s44_26f10,1822,0,5,__watcall
00027660,creature_spawn_random_villager_27660,175,2,1,__watcall
00027710,effect_wizard_castle_s52_update_27710,536,0,6,__watcall
00027930,effect_wizard_castle_collapse_s53_update_27930,1000,1,6,__watcall
00027d20,effect_castle_seed_landing_s45_update_27d20,366,0,5,__watcall
00027e90,effect_boulder_s46_update_27e90_disabled,253,0,4,__watcall
00027f90,thing_apply_pending_damage_27f90,95,1,0,__watcall
00027ff0,effect_crab_egg_s56_update_27ff0,81,0,3,__watcall
00028050,effect_crab_egg_hatch_s57_update_28050,119,0,3,__watcall
000280d0,effect_fire_pillar_s58_update_280d0,406,0,7,__watcall
00028270,effect_mana_magnet_s59_update_28270,135,0,2,__watcall
00028320,effect_delayed_blast_s60_update_28320,416,0,5,__watcall
000284c0,effect_type56_s61_nop_284c0,1,0,0,__watcall
000284d0,vga_dac0_set_blue_284d0,27,0,0,__watcall
000284f0,render_set_texture_uv_scale_284f0,105,1,0,__watcall
00028580,render_build_roll_table_28580,2751,1,0,__watcall
00029050,render_landscape_29050,7320,1,7,__watcall
0002ad60,render_sprite_scaled_2ad60,5996,3,0,__watcall
0002c600,render_cell_things_2c600,5155,1,4,__watcall
0002dac0,render_cell_things_sirds_2dac0,2630,1,2,__watcall
0002e5a0,render_cell_things_mirrored_2e5a0,2781,1,2,__watcall
0002f080,render_sky_2f080,663,1,0,__watcall
0002f320,render_set_view_window_top_2f320,151,1,1,__watcall
0002f3c0,render_set_view_window_2f3c0,186,1,1,__watcall
0002f480,vga_present_frame_2f480,501,1,5,__watcall
0002f680,vesa_mode_supported_2f680,85,1,1,__watcall
0002f6e0,render_view_2f6e0,2083,1,2,__watcall
0002ff10,stereo_mode_leave_2ff10,49,3,2,__watcall
0002ff50,stereo_mode_enter_2ff50,914,2,4,__watcall
000302f0,vga_set_palette_302f0,95,9,1,__watcall
00030350,mapmode_palette_save_30350,91,2,3,__watcall
000303b0,mapmode_palette_restore_303b0,40,2,1,__watcall
000303e0,class6_update_shared_303e0,1,0,0,__watcall
000303f0,terrain_build_303f0,270,2,17,__watcall
00030500,terrain_smooth_spikes_30500,394,1,0,__watcall
00030690,terrain_mark_water_anim_30690,379,1,0,__watcall
00030810,terrain_fix_shore_quads_30810,214,1,0,__watcall
000308f0,terrain_flags_fill_holes_308f0,256,1,0,__watcall
000309f0,terrain_classify_flat_309f0,593,1,0,__watcall
00030c50,terrain_insert_transitions_30c50,520,1,0,__watcall
00030e60,terrain_roughen_class1_30e60,69,0,0,__watcall
00030eb0,terrain_assign_textures_30eb0,1115,1,0,__watcall
00031310,terrain_build_lightmap_31310,130,1,0,__watcall
000313a0,terrain_generate_313a0,136,1,0,__watcall
00031430,terrain_carve_rivers_31430,161,1,1,__watcall
000314e0,terrain_trace_river_314e0,366,1,0,__watcall
00031650,terrain_mark_lowland_31650,429,1,0,__watcall
00031800,terrain_mark_interior_31800,719,1,0,__watcall
00031ad0,terrain_mark_steep_31ad0,888,1,0,__watcall
00031e50,terrain_flatten_water_quads_31e50,289,1,0,__watcall
00031f90,terrain_slope_orientation_31f90,377,1,0,__watcall
00032150,terrain_paint_cell_32150,721,4,2,__watcall
00032430,terrain_set_quad_texture_32430,169,3,0,__watcall
000324e0,terrain_retexture_rect_324e0,636,6,0,__watcall
00032760,terrain_retexture_rect_force_32760,603,3,0,__watcall
000329c0,level_skip_number_329c0,56,1,0,__watcall
00032a00,game_main_32a00,941,1,37,__watcall
00032db0,title_screen_show_32db0,133,1,4,__watcall
00032e40,palette_fade_out_and_load_32e40,50,1,2,__watcall
00032e80,game_tick_update_32e80,267,1,11,__watcall
00032f90,game_tick_32f90,81,1,1,__watcall
00033010,palette_effect_update_33010,1130,1,4,__watcall
00033480,video_alloc_buffers_33480,64,2,3,__watcall
000334c0,data_load_all_334c0,276,1,5,__watcall
000335e0,game_shutdown_all_335e0,32,1,4,__watcall
00033600,video_toggle_resolution_33600,316,3,15,__watcall
00033750,config_parse_33750,2305,1,11,__watcall
00034060,input_snapshot_34060,46,3,0,__watcall
00034090,input_changed_34090,138,2,0,__watcall
00034120,timer_tick_isr_34120,7,0,0,__watcall
00034140,sound_initialise_34140,210,1,5,__watcall
00034220,sound_timer_shutdown_34220,48,1,3,__watcall
00034250,math_wrap_diff_34250,41,1,0,__watcall
00034280,terrain_set_pos_scratch_34280,95,1,0,__watcall
000342e0,level_build_wall_342e0,643,0,3,__watcall
00034820,terrain_rect_height_range_34820,138,1,0,__watcall
000348b0,terrain_smooth_castle_border_348b0,333,2,1,__watcall
00034a00,terrain_smooth_rect_34a00,59,1,1,__watcall
00034a40,terrain_smooth_cell_34a40,256,2,0,__watcall
00034b40,terrain_height_avg_34b40,101,3,0,__watcall
00034bb0,terrain_rect_min_height_34bb0,142,0,0,__watcall
00034c40,level_build_linked_feature_34c40,274,1,0,__watcall
00034d60,level_spawn_terrain_effects_34d60,76,0,4,__watcall
00034db0,terrain_generate_features_34db0,67,2,2,__watcall
00034e00,level_spawn_effect_record_34e00,215,2,4,__watcall
00034ed7,level_spawn_effect_direct_34ed7,91,1,1,__watcall
00034f40,level_flag_terrain_effects_34f40,81,1,0,__watcall
00034fa0,level_run_terrain_effects_34fa0,224,2,2,__watcall
00035080,thing_restore_health_35080,11,126,0,__watcall
00035090,effect_wizard_init_35090,409,3,3,__watcall
00035230,thing_set_mana_from_health_35230,16,12,0,__watcall
00035240,thing_set_sprite_35240,138,78,0,__watcall
000352d0,thing_set_sprite_small_352d0,102,11,1,__watcall
00035340,thing_set_sprite_double_35340,54,4,1,__watcall
00035380,thing_set_sprite_halved_35380,70,1,1,__watcall
000353d0,thing_set_extents_353d0,25,43,0,__watcall
000353f0,thing_set_castle_extents_353f0,103,7,0,__watcall
00035460,thing_pool_reset_35460,87,2,0,__watcall
000354c0,models_initialise_354c0,147,9,0,__watcall
00035560,thing_alloc_35560,290,128,2,__watcall
00035690,thing_create_35690,70,77,0,__watcall
000356e0,switch_activate_356e0,288,16,6,__watcall
00035800,level_spawn_thing_record_35800,421,1,5,__watcall
000359b0,thing_free_count_359b0,10,6,0,__watcall
000359c0,player_create_start_pos0_359c0,28,0,0,__watcall
000359e0,player_create_start_pos1_359e0,28,0,0,__watcall
00035a00,player_create_start_pos2_35a00,28,0,0,__watcall
00035a20,player_create_start_pos3_35a20,28,0,0,__watcall
00035a40,player_create_start_pos4_35a40,28,0,0,__watcall
00035a60,player_create_start_pos5_35a60,28,0,0,__watcall
00035a80,player_create_start_pos6_35a80,28,0,0,__watcall
00035aa0,player_create_start_pos7_35aa0,28,0,0,__watcall
00035ac0,player_create_flyer_35ac0,124,0,4,__watcall
00035b40,player_create_ai_wizard_35b40,124,0,4,__watcall
00035bc0,castle_create_35bc0,224,0,5,__watcall
00035ca0,balloon_create_35ca0,114,0,4,__watcall
00035d20,class1_create_type1_35d20,21,0,2,__watcall
00035d40,class1_create_type2_35d40,21,0,2,__watcall
00035d60,class1_create_type3_35d60,21,0,2,__watcall
00035d80,class1_create_type4_35d80,21,0,2,__watcall
00035da0,class1_create_type5_35da0,21,0,2,__watcall
00035dc0,class1_create_type6_35dc0,21,0,2,__watcall
00035de0,class1_create_type7_35de0,21,0,2,__watcall
00035e00,class1_create_type8_35e00,21,0,2,__watcall
00035e20,class1_create_type9_35e20,21,0,2,__watcall
00035e40,class1_create_type10_35e40,21,0,2,__watcall
00035e60,scenery_create_tree_35e60,296,0,4,__watcall
00035f90,scenery_create_standing_stone_35f90,113,0,4,__watcall
00036010,scenery_create_dolmen_36010,132,0,5,__watcall
000360a0,scenery_create_bad_stone_360a0,116,0,4,__watcall
00036120,scenery_create_2d_dome_36120,104,0,4,__watcall
00036190,scenery_create_2d_dome_36190,104,0,4,__watcall
00036200,thing_create_stub_36200,21,0,2,__watcall
000362d0,creature_create_dragon_362d0,568,0,6,__watcall
00036510,creature_create_vulture_36510,256,0,5,__watcall
00036610,creature_create_bee_36610,320,0,6,__watcall
00036750,creature_create_worm_36750,558,0,5,__watcall
00036980,creature_create_archer_36980,307,0,6,__watcall
00036ac0,crab_update_mana_sprite_36ac0,99,1,1,__watcall
00036b30,creature_create_crab_36b30,330,0,5,__watcall
00036c80,creature_create_kraken_36c80,542,0,6,__watcall
00036ea0,creature_troll_init_variant_36ea0,93,1,2,__watcall
00036f00,creature_create_troll_36f00,243,0,4,__watcall
00037000,creature_create_griffon_37000,268,0,6,__watcall
00037110,creature_create_skeleton_37110,335,0,7,__watcall
00037260,creature_create_emu_37260,271,0,6,__watcall
00037370,creature_create_genie_37370,293,0,6,__watcall
000374a0,creature_create_builder_374a0,280,0,5,__watcall
000375e0,creature_create_townie_375e0,328,0,5,__watcall
00037730,creature_create_trader_37730,280,0,5,__watcall
00037850,creature_create_type15_37850,300,0,5,__watcall
00037980,creature_create_wyvern_37980,277,0,6,__watcall
00037aa0,class6_create_type0_37aa0,21,0,2,__watcall
00037ac0,class6_create_type1_37ac0,21,0,2,__watcall
00037ae0,weather_create_type0_37ae0,21,0,2,__watcall
00037b00,weather_create_type1_37b00,21,0,2,__watcall
00037b20,weather_create_type2_37b20,21,0,2,__watcall
00037b40,weather_create_type3_37b40,21,0,2,__watcall
00037b60,weather_create_wind_37b60,115,0,2,__watcall
00037be0,class8_create_type0_37be0,21,0,2,__watcall
00037c00,class8_create_type1_37c00,21,0,2,__watcall
00037c20,class8_create_type2_37c20,21,0,2,__watcall
00037c40,class8_create_type3_37c40,21,0,2,__watcall
00037c60,class8_create_type4_37c60,21,0,2,__watcall
00037c80,class8_create_type5_37c80,32,0,2,__watcall
00037ca0,effect_create_shared_37ca0,3,0,0,__watcall
00037cb0,projectile_create_type0_37cb0,125,0,4,__watcall
00037d30,projectile_create_homing_37d30,161,0,5,__watcall
00037de0,projectile_create_type2_37de0,128,0,4,__watcall
00037e60,projectile_create_type3_37e60,125,0,4,__watcall
00037ee0,projectile_create_type4_37ee0,128,0,4,__watcall
00037f60,projectile_create_type5_37f60,128,0,4,__watcall
00037fe0,projectile_create_type6_37fe0,128,0,4,__watcall
00038060,projectile_create_type7_38060,128,0,4,__watcall
000380e0,projectile_create_type8_380e0,128,0,4,__watcall
00038160,projectile_create_lightning_38160,128,0,4,__watcall
000381e0,projectile_create_castle_seed_381e0,125,0,4,__watcall
00038260,projectile_create_skeleton_seed_38260,128,0,4,__watcall
000382e0,projectile_create_thunderbolt_382e0,128,0,4,__watcall
00038360,projectile_create_arrow_38360,108,0,4,__watcall
000383d0,projectile_create_type13_long_383d0,108,0,4,__watcall
00038440,projectile_create_type14_38440,108,0,4,__watcall
000384b0,projectile_create_type15_384b0,96,0,4,__watcall
00038510,projectile_create_fire_wall_38510,125,0,4,__watcall
00038590,projectile_create_mana_magnet_38590,157,0,5,__watcall
00038630,projectile_create_smart_bomb_38630,125,0,4,__watcall
000386b0,projectile_create_type19_386b0,125,0,4,__watcall
00038730,effect_create_explosion_38730,121,0,5,__watcall
000387b0,effect_create_big_explosion_387b0,96,0,4,__watcall
00038810,effect_create_type2_38810,84,0,2,__watcall
00038870,effect_create_type3_38870,102,0,4,__watcall
000388e0,effect_create_type4_388e0,107,0,3,__watcall
00038950,effect_create_splash_38950,121,0,5,__watcall
000389d0,effect_create_fire_389d0,153,0,6,__watcall
00038a70,effect_create_type7_38a70,158,0,5,__watcall
00038b10,effect_create_mini_volcano_38b10,92,0,3,__watcall
00038b70,effect_create_volcano_38b70,92,0,3,__watcall
00038bd0,effect_create_dent_38bd0,104,0,3,__watcall
00038c40,effect_create_crater_38c40,104,0,3,__watcall
00038cb0,effect_create_type12_38cb0,131,0,5,__watcall
00038d40,effect_create_white_smoke_38d40,160,0,4,__watcall
00038de0,effect_create_black_smoke_38de0,160,0,4,__watcall
00038e80,effect_create_earthquake_38e80,130,0,3,__watcall
00038f10,effect_create_meteor_38f10,73,0,2,__watcall
00038f60,effect_create_lava_blob_38f60,237,0,6,__watcall
00039050,effect_create_eruption_39050,79,0,2,__watcall
000390a0,effect_create_volcano_smoke_390a0,127,0,5,__watcall
00039120,effect_create_lightning_39120,124,0,5,__watcall
000391a0,effect_create_steal_mana_391a0,120,0,5,__watcall
00039220,effect_create_type26_39220,120,0,5,__watcall
000392a0,effect_create_wall_piece_392a0,91,0,3,__watcall
00039300,effect_create_wall_39300,81,0,3,__watcall
00039360,effect_create_path_piece_39360,81,0,3,__watcall
000393c0,effect_create_path_393c0,81,0,3,__watcall
00039420,effect_create_canyon_digger_39420,73,0,2,__watcall
00039470,effect_create_canyon_39470,81,0,3,__watcall
000394d0,effect_create_ridge_raiser_394d0,98,0,3,__watcall
00039540,effect_create_ridge_node_39540,81,0,3,__watcall
000395a0,effect_create_teleport_395a0,207,0,7,__watcall
00039670,effect_create_orbiter_39670,8,0,1,__watcall
00039680,effect_create_skeleton_army_39680,117,0,5,__watcall
00039700,effect_create_storm_cloud_39700,100,0,5,__watcall
00039770,effect_create_type33_39770,79,0,3,__watcall
000397c0,effect_create_type37_397c0,117,0,5,__watcall
00039840,effect_create_mana_ball_39840,126,0,4,__watcall
000398c0,effect_create_mana_hoard_398c0,110,0,4,__watcall
00039930,effect_create_wizard_39930,88,0,3,__watcall
00039990,effect_create_castle_seed_landing_39990,103,0,5,__watcall
00039a00,effect_create_castle_level_ground_39a00,67,0,2,__watcall
00039a50,effect_create_castle_raise_39a50,71,1,2,__watcall
00039aa0,effect_create_boulder_39aa0,84,0,4,__watcall
00039b00,effect_create_crab_egg_39b00,113,0,4,__watcall
00039b80,effect_create_fire_pillar_39b80,139,0,3,__watcall
00039c10,effect_create_mana_magnet_39c10,139,0,3,__watcall
00039ca0,effect_create_delayed_blast_39ca0,139,0,3,__watcall
00039d30,effect_create_type56_39d30,139,0,3,__watcall
00039dc0,switch_create_common_39dc0,76,32,2,__watcall
00039e10,switch_create_hidden_inside_39e10,18,0,1,__watcall
00039e30,switch_create_hidden_outside_39e30,18,0,1,__watcall
00039e50,switch_create_hidden_inside_re_39e50,18,0,1,__watcall
00039e70,switch_create_hidden_outside_re_39e70,18,0,1,__watcall
00039e90,switch_create_on_victory_39e90,18,0,1,__watcall
00039eb0,switch_create_death_inside_39eb0,18,0,1,__watcall
00039ed0,switch_create_death_outside_39ed0,18,0,1,__watcall
00039ef0,switch_create_death_inside_re_39ef0,18,0,1,__watcall
00039f10,switch_create_death_outside_re_39f10,18,0,1,__watcall
00039f30,switch_create_obvious_inside_39f30,18,0,1,__watcall
00039f50,switch_create_obvious_outside_39f50,18,0,1,__watcall
00039f70,switch_create_obvious_inside_re_39f70,18,0,1,__watcall
00039f90,switch_create_obvious_outside_re_39f90,18,0,1,__watcall
00039fb0,switch_create_dragon_trigger_39fb0,18,0,1,__watcall
00039fd0,switch_create_vulture_trigger_39fd0,18,0,1,__watcall
00039ff0,switch_create_bee_trigger_39ff0,18,0,1,__watcall
0003a010,switch_create_worm_trigger_3a010,18,0,1,__watcall
0003a030,switch_create_archer_trigger_3a030,18,0,1,__watcall
0003a050,switch_create_crab_trigger_3a050,18,0,1,__watcall
0003a070,switch_create_kraken_trigger_3a070,18,0,1,__watcall
0003a090,switch_create_troll_trigger_3a090,18,0,1,__watcall
0003a0b0,switch_create_griffon_trigger_3a0b0,18,0,1,__watcall
0003a0d0,switch_create_skeleton_trigger_3a0d0,18,0,1,__watcall
0003a0f0,switch_create_emu_trigger_3a0f0,18,0,1,__watcall
0003a110,switch_create_genie_trigger_3a110,18,0,1,__watcall
0003a130,switch_create_builder_trigger_3a130,18,0,1,__watcall
0003a150,switch_create_townie_trigger_3a150,18,0,1,__watcall
0003a170,switch_create_trader_trigger_3a170,18,0,1,__watcall
0003a190,switch_create_type15_trigger_3a190,18,0,1,__watcall
0003a1b0,switch_create_wyvern_trigger_3a1b0,18,0,1,__watcall
0003a1d0,switch_create_creature_all_3a1d0,18,0,1,__watcall
0003a1f0,switch_create_type31_3a1f0,18,0,1,__watcall
0003a210,spell_create_generic_3a210,207,24,5,__watcall
0003a2e0,spell_create_possession_3a2e0,30,0,1,__watcall
0003a300,spell_create_castle_3a300,36,0,1,__watcall
0003a330,spell_create_fireball_3a330,33,0,1,__watcall
0003a360,spell_create_speedup_3a360,36,0,1,__watcall
0003a390,spell_create_heal_3a390,33,0,1,__watcall
0003a3c0,spell_create_teleport_3a3c0,36,0,1,__watcall
0003a3f0,spell_create_earthquake_3a3f0,39,0,1,__watcall
0003a420,spell_create_mana_magnet_3a420,36,0,1,__watcall
0003a450,spell_create_shield_3a450,36,0,1,__watcall
0003a480,spell_create_meteor_3a480,39,0,1,__watcall
0003a4b0,spell_create_rebound_3a4b0,36,0,1,__watcall
0003a4e0,spell_create_lightning_3a4e0,39,0,1,__watcall
0003a510,spell_create_rubber_band_3a510,36,0,1,__watcall
0003a540,spell_create_steal_mana_3a540,36,0,1,__watcall
0003a570,spell_create_invisible_3a570,39,0,1,__watcall
0003a5a0,spell_create_crater_3a5a0,39,0,1,__watcall
0003a5d0,spell_create_beyond_sight_3a5d0,33,0,1,__watcall
0003a600,spell_create_thunderbolt_3a600,39,0,1,__watcall
0003a630,spell_create_volcano_3a630,39,0,1,__watcall
0003a660,spell_create_skeleton_3a660,36,0,1,__watcall
0003a690,spell_create_fire_wall_3a690,39,0,1,__watcall
0003a6c0,spell_create_reverse_speed_3a6c0,36,0,1,__watcall
0003a6f0,spell_create_smart_bomb_3a6f0,39,0,1,__watcall
0003a720,spell_create_mini_fireball_3a720,36,0,1,__watcall
0003a750,class13_create_type0_3a750,46,0,2,__watcall
0003a780,class13_create_type1_3a780,46,0,2,__watcall
0003a7b0,class13_create_type2_3a7b0,46,0,2,__watcall
0003a7e0,class13_create_type3_3a7e0,46,0,2,__watcall
0003a8b0,player_commands_process_3a8b0,4760,1,15,__watcall
0003bb50,player_set_input_mode_3bb50,113,1,6,__watcall
0003bbd0,player_cd_check_quit_3bbd0,57,2,1,__watcall
0003bc10,players_init_records_3bc10,839,2,1,__watcall
0003bf60,players_clear_records_3bf60,83,0,1,__watcall
0003bfc0,level_load_levels_dat_3bfc0,400,2,8,__watcall
0003c150,level_save_file_3c150,67,0,2,__watcall
0003c200,demo_load_state_3c200,192,2,5,__watcall
0003c2c0,demo_save_state_3c2c0,69,2,2,__watcall
0003c310,demo_state_file_exists_3c310,76,1,3,__watcall
0003c360,demo_load_terrain_3c360,200,1,5,__watcall
0003c430,demo_save_terrain_3c430,183,1,4,__watcall
0003c4f0,demo_terrain_file_exists_3c4f0,76,1,3,__watcall
0003c540,demo_record_playback_step_3c540,628,1,14,__watcall
0003c7c0,demo_close_3c7c0,41,2,1,__watcall
0003c7f0,file_access_3c7f0,16,1,1,__watcall
0003c800,init_early_3c800,504,1,4,__watcall
0003ca00,debug_screenshot_3ca00,471,2,6,__watcall
0003cbe0,file_load_rnc_3cbe0,113,13,6,__watcall
0003cc60,file_missing_3cc60,27,1,1,__watcall
0003cc80,file_exists_3cc80,27,1,1,__watcall
0003cca0,file_copy_3cca0,637,1,10,__watcall
0003cf20,cd_check_files_3cf20,334,1,5,__watcall
0003d070,mouse_reset_3d070,40,4,1,__watcall
0003d0a0,main_3d0a0,84,1,2,__watcall
0003d100,dbg_dump_mem_blocks_3d100,93,0,4,__watcall
0003d160,level_load_file_3d160,589,2,1,__watcall
0003d3b0,level_load_and_init_3d3b0,303,1,11,__watcall
0003d4e0,level_restart_3d4e0,241,1,10,__watcall
0003d5e0,ret_false_3d5e0,3,0,0,__watcall
0003d5f0,terrain_cell_is_nonland_3d5f0,33,2,0,__watcall
0003d620,terrain_modify_cell_3d620,418,2,3,__watcall
0003d7d0,terrain_set_cell_height_3d7d0,357,0,2,__watcall
0003d940,terrain_find_cell_spiral_3d940,192,4,4,__watcall
0003da00,nop_3da00,1,1,0,__watcall
0003da30,cell_kill_things_3da30,187,1,1,__watcall
0003daef,dbg_draw_config_menu_text_3daef,34,0,1,__watcall
0003db20,game_check_level_won_3db20,228,1,0,__watcall
0003dc10,demo_relink_state_pointers_3dc10,166,1,0,__watcall
0003dce0,thing_update_all_3dce0,839,1,8,__watcall
0003e030,thing_free_all_3e030,66,0,1,__watcall
0003e080,player_log_position_3e080,329,1,1,__watcall
0003e1d0,thing_move_to_3e1d0,66,32,2,__watcall
0003e220,thing_relink_cell_3e220,39,1,2,__watcall
0003e250,thing_link_cell_3e250,217,82,0,__watcall
0003e330,thing_unlink_cell_3e330,175,5,0,__watcall
0003e3e0,thing_mark_delete_3e3e0,9,84,0,__watcall
0003e3f0,thing_free_3e3f0,39,4,1,__watcall
0003e420,math_rotate_offset_3e420,137,53,0,__watcall
0003e4b0,terrain_slope_vector_3e4b0,170,3,0,__watcall
0003e560,pos_follow_ground_3e560,132,5,0,__watcall
0003e5f0,pos_sink_or_follow_ground_3e5f0,179,1,1,__watcall
0003e6b0,pos_angle_to_3e6b0,39,51,1,__watcall
0003e6e0,pos_pitch_to_3e6e0,47,24,2,__watcall
0003e710,pos_pitch_from_dz_3e710,27,0,1,__watcall
0003e730,pos_dist_manhattan_3e730,62,0,0,__watcall
0003e770,angle_diff_3e770,48,26,0,__watcall
0003e7a0,angle_turn_dir_3e7a0,93,8,0,__watcall
0003e800,angle_turn_step_3e800,81,6,2,__watcall
0003e860,pos_dist_chebyshev_xy_3e860,51,1,0,__watcall
0003e8a0,pos_dist_xyz_3e8a0,68,24,1,__watcall
0003e8f0,pos_dist_sq_xyz_3e8f0,59,1,0,__watcall
0003e930,pos_dist_xy_3e930,50,10,1,__watcall
0003e970,pos_dist_sq_xy_3e970,41,15,0,__watcall
0003e9a0,thing_find_in_sight_of_class_3e9a0,163,0,1,__watcall
0003ea50,thing_set_state_3ea50,17,34,0,__watcall
0003ea70,thing_anim_advance_3ea70,32,7,0,__watcall
0003ea90,class13_update_shared_3ea90,1,0,0,__watcall
0003eaa0,tables_load_or_generate_3eaa0,645,1,6,__watcall
0003ed30,text_split_lines_3ed30,45,2,0,__watcall
0003ed60,video_input_init_3ed60,263,1,12,__watcall
0003ee70,game_shutdown_3ee70,157,4,6,__watcall
0003ef10,player_compute_level_stats_3ef10,761,1,0,__watcall
0003f210,player_set_palette_effect_3f210,41,5,0,__watcall
0003f240,player_note_fire_distance_3f240,114,1,1,__watcall
0003f2c0,player_note_ridge_distance_3f2c0,114,1,1,__watcall
0003f360,player_spawn_3f360,1745,2,12,__watcall
0003fa40,player_terrain_collide_3fa40,432,1,7,__watcall
0003fbf0,ret_stub_3fbf0,1,2,0,__watcall
0003fc00,player_flyer_move_3fc00,1598,2,11,__watcall
00040240,player_rebuild_spell_index_40240,124,3,1,__watcall
000402c0,player_flyer_alive_update_402c0,801,0,7,__watcall
000405f0,player_dying_update_405f0,1005,0,7,__watcall
000409e0,player_look_at_killer_409e0,200,1,3,__watcall
00040ab0,player_dead_update_40ab0,148,0,3,__watcall
00040b50,player_set_combat_music_timer_40b50,21,2,0,__watcall
00040b70,player_apply_hits_40b70,755,2,6,__watcall
00040e70,player_apply_controls_40e70,629,1,1,__watcall
000410f0,player_cast_spell_410f0,406,1,1,__watcall
00041290,castle_find_free_mana_ball_41290,115,1,1,__watcall
00041310,castle_spell_reset_charge_41310,139,6,0,__watcall
000413a0,castle_active_update_413a0,317,0,8,__watcall
00041500,castle_build_update_41500,266,0,7,__watcall
00041610,castle_spawn_build_effect_2a_41610,84,1,1,__watcall
00041670,castle_spawn_build_effect_29_41670,84,1,1,__watcall
000416d0,castle_destroyed_update_416d0,65,0,4,__watcall
00041720,castle_spill_mana_41720,600,3,6,__watcall
000419a0,castle_manage_balloons_and_guards_419a0,1363,2,6,__watcall
00041f00,castle_begin_build_stage_41f00,247,1,4,__watcall
00042000,castle_build_seq_set_done_42000,11,0,0,__watcall
00042010,castle_collapse_level_42010,341,1,7,__watcall
00042170,castle_apply_level_stats_42170,101,1,0,__watcall
00042200,castle_set_level_stats_42200,321,3,1,__watcall
00042370,castle_spell_set_capacity_42370,237,1,0,__watcall
00042460,castle_take_damage_42460,192,1,0,__watcall
00042520,balloon_wait_nop_42520,1,0,0,__watcall
00042530,balloon_update_42530,560,0,9,__watcall
00042760,player_s10_nop_42760,1,0,0,__watcall
00042770,player_take_damage_42770,88,1,0,__watcall
000427d0,mana_totals_update_427d0,265,3,1,__watcall
000428e0,mana_add_to_owner_428e0,97,1,0,__watcall
00042950,ret_zero_42950,3,0,0,__watcall
00042960,class8_update_nop_42960,1,0,0,__watcall
00042a20,ui_draw_radar_blips_42a20,3053,1,6,__watcall
00043610,ui_draw_radar_43610,762,1,0,__watcall
00043910,ui_draw_map_43910,628,0,0,__watcall
00043ba0,scenery_tree_update_43ba0,293,0,5,__watcall
00043cd0,scenery_tree_s1_update_43cd0,130,0,5,__watcall
00043d60,scenery_tree_s2_update_43d60,73,0,4,__watcall
00043db0,scenery_standing_stone_update_43db0,32,0,1,__watcall
00043dd0,scenery_update_shared_43dd0,1,0,0,__watcall
00043de0,scenery_dolmen_update_43de0,112,0,2,__watcall
00043e50,scenery_update_shared_43e50,1,0,0,__watcall
00043e60,scenery_badstone_update_43e60,32,0,1,__watcall
00043e80,scenery_update_shared_43e80,1,0,0,__watcall
00043ea0,thing_z_add_half_height_43ea0,19,11,0,__watcall
00043ec0,thing_z_sub_half_height_43ec0,19,10,0,__watcall
00043ee0,thing_aim_at_43ee0,69,1,4,__watcall
00043f30,projectile_steer_to_target_43f30,183,6,5,__watcall
00043ff0,thing_turn_toward_43ff0,163,1,3,__watcall
000440a0,projectile_record_hit_stats_440a0,167,7,0,__watcall
00044150,projectile_fly_and_impact_44150,950,2,15,__watcall
00044510,projectile_type0_s0_update_44510,913,0,15,__watcall
000448b0,projectile_homing_update_448b0,394,0,11,__watcall
00044a40,projectile_update_shared_44a40,14,0,1,__watcall
00044a50,projectile_type3_s3_update_44a50,64,0,2,__watcall
00044a90,projectile_type7_s7_update_44a90,14,0,1,__watcall
00044aa0,projectile_type8_s8_update_44aa0,1020,1,15,__watcall
00044ea0,projectile_step_44ea0,275,1,5,__watcall
00044fc0,projectile_lightning_update_44fc0,921,0,10,__watcall
00045360,projectile_castle_seed_s10_update_45360,463,0,9,__watcall
00045530,projectile_castle_seed_update_45530,612,1,12,__watcall
000457a0,projectile_thunderbolt_s12_update_457a0,957,0,15,__watcall
00045b60,projectile_arrow_s13_update_45b60,265,0,9,__watcall
00045c70,projectile_lightning_segment_s14_45c70,29,0,1,__watcall
00045c90,projectile_mana_magnet_s18_update_45c90,455,0,11,__watcall
00045e60,projectile_smart_bomb_s19_update_45e60,74,0,2,__watcall
00045f00,projectile_pick_target_45f00,1388,7,5,__watcall
00046470,projectile_target_score_46470,311,1,6,__watcall
000465b0,target_aim_score_465b0,255,1,4,__watcall
000466af,projectile_line_of_fire_clear_466af,549,0,7,__watcall
000468e0,creature_wake_tick_468e0,125,1,1,__watcall
00046960,creature_proximity_wake_timer_46960,362,1,2,__watcall
00046ae0,spell_dropped_update_46ae0,738,2,5,__watcall
00046dd0,spell_phase2_pickup_46dd0,120,1,1,__watcall
00046e50,spell_dropped_dispatch_46e50,28,1,1,__watcall
00046e70,spell_can_cast_46e70,173,24,1,__watcall
00046f20,spell_charge_mana_46f20,101,23,0,__watcall
00046f90,spell_projectile_origin_46f90,407,16,3,__watcall
00047130,spell_fireball_update_47130,444,0,6,__watcall
000472f0,spell_phase1_common_472f0,14,0,1,__watcall
00047300,spell_phase2_common_47300,14,0,1,__watcall
00047310,spell_heal_s3_update_47310,271,0,2,__watcall
00047420,spell_speedup_update_47420,390,0,5,__watcall
000475b0,spell_possession_s9_update_475b0,420,0,6,__watcall
00047760,spell_shield_update_47760,108,0,2,__watcall
000477d0,spell_beyond_sight_s15_update_477d0,99,0,2,__watcall
00047840,spell_earthquake_update_47840,417,0,7,__watcall
000479f0,spell_meteor_update_479f0,406,0,6,__watcall
00047b90,spell_volcano_s24_update_47b90,417,0,7,__watcall
00047d40,spell_crater_update_47d40,417,0,7,__watcall
00047ef0,spell_teleport_s30_update_47ef0,496,0,5,__watcall
000480e0,spell_rubber_band_s33_update_480e0,359,0,6,__watcall
00048250,spell_invisible_s36_update_48250,160,0,2,__watcall
000482f0,spell_steal_mana_s39_update_482f0,410,0,6,__watcall
00048490,spell_rebound_update_48490,115,0,2,__watcall
00048510,spell_lightning_update_48510,406,0,6,__watcall
000486b0,spell_castle_s48_update_486b0,485,0,7,__watcall
000488a0,spell_skeleton_s51_update_488a0,463,0,6,__watcall
00048a70,spell_thunderbolt_s54_update_48a70,418,0,6,__watcall
00048c20,spell_mana_magnet_s57_update_48c20,444,0,6,__watcall
00048de0,spell_fire_wall_s60_update_48de0,444,0,6,__watcall
00048fa0,spell_reverse_speed_s63_update_48fa0,404,0,5,__watcall
00049140,spell_smart_bomb_update_49140,404,0,5,__watcall
000492e0,spell_mini_fireball_update_492e0,444,0,6,__watcall
000494b0,sound_update_494b0,433,1,8,__watcall
00049720,sound_request_49720,1273,67,7,__watcall
00049c20,sound_priority_ok_49c20,20,1,0,__watcall
00049c40,sound_fade_player_sound_49c40,94,1,1,__watcall
00049ca0,music_fade_timer_cb_49ca0,38,0,2,__watcall
00049cd0,music_fade_out_begin_49cd0,49,0,1,__watcall
00049d10,music_fade_out_end_49d10,55,1,3,__watcall
00049d50,sound_playing_count_49d50,37,1,1,__watcall
00049d80,sound_sample_done_49d80,83,0,1,__watcall
00049de0,ui_sprite_lists_relocate_49de0,86,2,2,__watcall
00049e40,ui_sprite_lists_unrelocate_49e40,86,1,2,__watcall
00049ea0,math_line_point_offset_49ea0,62,0,0,__watcall
00049ee0,mem_replace_byte_49ee0,38,0,0,__watcall
00049f10,mem_swap_blocks_49f10,38,0,0,__watcall
00049f40,mem_sum_bytes_49f40,34,0,0,__watcall
00049f70,con_get_text_position_49f70,36,0,1,__watcall
0004a000,input_mouse_center_4a000,36,2,1,__watcall
0004a030,input_mouse_set_pos_4a030,306,1,2,__watcall
0004a170,input_mouse_set_range_4a170,287,0,2,__watcall
0004a2a0,switch_hidden_inside_s0_update_4a2a0,46,0,3,__watcall
0004a2d0,switch_hidden_outside_s1_update_4a2d0,46,0,3,__watcall
0004a300,switch_hidden_inside_re_s2_update_4a300,71,0,3,__watcall
0004a350,switch_hidden_outside_re_s3_update_4a350,71,0,3,__watcall
0004a3a0,switch_on_victory_s4_update_4a3a0,191,0,3,__watcall
0004a460,switch_death_inside_s5_update_4a460,46,0,3,__watcall
0004a490,switch_death_outside_s6_update_4a490,46,0,3,__watcall
0004a4c0,switch_death_inside_re_s7_update_4a4c0,71,0,3,__watcall
0004a510,switch_death_outside_re_s8_update_4a510,71,0,3,__watcall
0004a560,switch_obvious_inside_s9_update_4a560,46,0,3,__watcall
0004a590,switch_obvious_outside_s10_update_4a590,46,0,3,__watcall
0004a5c0,switch_obvious_inside_re_s11_update_4a5c0,71,0,3,__watcall
0004a610,switch_obvious_outside_re_s12_update_4a610,71,0,3,__watcall
0004a660,switch_creature_dead_trigger_4a660,288,18,3,__watcall
0004a780,switch_dragon_trigger_s13_update_4a780,16,0,1,__watcall
0004a790,switch_vulture_trigger_s14_update_4a790,16,0,1,__watcall
0004a7a0,switch_bee_trigger_s15_update_4a7a0,16,0,1,__watcall
0004a7b0,switch_worm_trigger_s16_update_4a7b0,16,0,1,__watcall
0004a7c0,switch_archer_trigger_s17_update_4a7c0,16,0,1,__watcall
0004a7d0,switch_crab_trigger_s18_update_4a7d0,16,0,1,__watcall
0004a7e0,switch_kraken_trigger_s19_update_4a7e0,16,0,1,__watcall
0004a7f0,switch_troll_trigger_s20_update_4a7f0,16,0,1,__watcall
0004a800,switch_griffon_trigger_s21_update_4a800,16,0,1,__watcall
0004a810,switch_skeleton_trigger_s22_update_4a810,16,0,1,__watcall
0004a820,switch_emu_trigger_s23_update_4a820,16,0,1,__watcall
0004a830,switch_genie_trigger_s24_update_4a830,16,0,1,__watcall
0004a840,switch_builder_trigger_s25_update_4a840,16,0,1,__watcall
0004a850,switch_townie_trigger_s26_update_4a850,16,0,1,__watcall
0004a860,switch_trader_trigger_s27_update_4a860,16,0,1,__watcall
0004a870,switch_type15_trigger_s28_update_4a870,16,0,1,__watcall
0004a880,switch_wyvern_trigger_s29_update_4a880,16,0,1,__watcall
0004a890,switch_creature_all_s30_update_4a890,16,0,1,__watcall
0004a8a0,switch_s31_nop_4a8a0,1,0,0,__watcall
0004a8b0,switch_test_player_4a8b0,144,12,3,__watcall
0004a940,switch_test_any_player_4a940,96,6,1,__watcall
0004a9a0,ui_draw_text_4a9a0,225,6,3,__watcall
0004aa90,ui_draw_text_background_4aa90,195,0,3,__watcall
0004ab60,ui_text_width_4ab60,86,0,1,__watcall
0004abc0,ui_font_space_width_4abc0,14,5,0,__watcall
0004abd0,ui_font_line_height_4abd0,14,5,0,__watcall
0004abe0,ui_set_font_4abe0,35,7,0,__watcall
0004ac03,timer_isr_4ac03,118,0,3,__watcall
0004ac79,timer_isr_install_4ac79,145,1,3,__watcall
0004ad0a,timer_isr_remove_4ad0a,80,2,2,__watcall
0004ad60,mem_sum_range_4ad60,32,0,0,__watcall
0004ad80,ui_draw_debug_overlay_4ad80,1809,1,7,__watcall
0004b4a0,dbg_print_mem_blocks_4b4a0,47,0,1,__watcall
0004b4d0,dbg_print_copyright_4b4d0,45,2,1,__watcall
0004b500,game_abort_if_null_4b500,51,0,6,__watcall
0004b540,dbg_progress_4b540,30,3,1,__watcall
0004b570,weather_update_nop_4b570,1,2,0,__watcall
0004b580,tmaps_load_4b580,88,2,2,__watcall
0004b5e0,tmap_read_chunk_4b5e0,162,2,4,__watcall
0004b690,sprite_group_unload_if_unlocked_4b690,225,3,3,__watcall
0004b780,sprite_group_unload_4b780,205,1,3,__watcall
0004b850,sprite_group_size_4b850,89,4,0,__watcall
0004b8b0,sprite_group_load_4b8b0,241,4,3,__watcall
0004b9b0,sprite_cache_evict_lru_4b9b0,566,2,3,__watcall
0004bbf0,sprite_cache_init_4bbf0,137,2,6,__watcall
0004bc80,sprite_cache_shutdown_4bc80,112,1,4,__watcall
0004bcf0,tmaps_close_file_4bcf0,32,1,1,__watcall
0004bd10,sprite_table_init_sizes_4bd10,180,1,3,__watcall
0004bdd0,sprite_ensure_loaded_4bdd0,128,3,4,__watcall
0004be50,texture_anim_update_4be50,107,1,2,__watcall
0004bec0,sprite_group_priorities_clear_4bec0,21,2,1,__watcall
0004bee0,sprite_mark_needed_for_model_4bee0,127,1,1,__watcall
0004bf60,sprite_set_group_priority_4bf60,65,1,0,__watcall
0004bfb0,sprite_groups_reload_by_priority_4bfb0,235,1,6,__watcall
0004c0a0,texture_mark_resident_4c0a0,77,1,1,__watcall
0004c0f0,texture_load_resident_4c0f0,58,1,1,__watcall
0004c130,texture_mark_needed_4c130,112,1,1,__watcall
0004c1a0,texture_load_needed_4c1a0,218,1,5,__watcall
0004c280,tmap_cache_create_4c280,322,1,3,__watcall
0004c3d0,tmap_dir_find_free_4c3d0,43,2,0,__watcall
0004c400,tmap_dir_entry_data_4c400,28,0,0,__watcall
0004c420,tmap_dir_entry_valid_4c420,55,0,0,__watcall
0004c460,tmap_cache_add_4c460,229,0,1,__watcall
0004c550,tmap_free_space_4c550,8,4,0,__watcall
0004c560,tmap_find_chunk_4c560,175,1,1,__watcall
0004c610,sprite_cache_compact_4c610,216,2,0,__watcall
0004c6f0,tmap_cache_clear_4c6f0,83,0,0,__watcall
0004c750,tmap_dir_find_by_id_4c750,49,0,0,__watcall
0004c790,tmap_cache_destroy_4c790,85,1,1,__watcall
0004c7f0,texture_anim_table_create_4c7f0,138,1,3,__watcall
0004c880,sprite_cache_register_4c880,315,1,0,__watcall
0004c9c0,texture_anim_update_all_4c9c0,47,0,1,__watcall
0004c9f0,texture_anim_next_frame_4c9f0,90,2,2,__watcall
0004ca50,sprite_ptr_clear_4ca50,22,2,0,__watcall
0004ca70,texture_anim_table_clear_4ca70,49,0,0,__watcall
0004cab0,texture_anim_table_deactivate_4cab0,37,0,0,__watcall
0004cae0,flag_set_false_4cae0,15,0,0,__watcall
0004caf0,flag_toggle_4caf0,22,0,0,__watcall
0004cb10,sprite_cache_find_4cb10,45,3,0,__watcall
0004cb40,flag_set_true_4cb40,15,0,0,__watcall
0004cb50,texture_anim_table_destroy_4cb50,53,1,1,__watcall
0004cb88,palette_build_tint_table_4cb88,171,1,0,__watcall
0004cc33,math_atan2_4cc33,262,4,0,__watcall
0004cd39,math_isqrt16_4cd39,65,0,0,__watcall
0004cd7a,math_isqrt_4cd7a,54,7,0,__watcall
0004cdf0,vga_set_dac_entry_4cdf0,35,2,0,__watcall
0004ce13,mem_fill_bytes_4ce13,62,0,0,__watcall
0004ce51,mem_copy_bytes_4ce51,50,0,0,__watcall
0004ce83,gfx_fill_rows_320_4ce83,38,13,0,__watcall
0004cea9,gfx_fill_rows_640_4cea9,41,13,0,__watcall
0004ced4,gfx_copy_b400_4ced4,28,0,0,__watcall
0004cef0,dbg_draw_text_bitmap_4cef0,126,0,0,__watcall
0004d096,ui_blit_icon_32w_4d096,71,0,0,__watcall
0004d0dd,ui_draw_icon_4d0dd,99,0,2,__watcall
0004d140,ui_draw_icon_scaled_4d140,136,0,2,__watcall
0004d240,ui_draw_glyph_4d240,112,1,2,__watcall
0004d2b0,music_init_from_sndsetup_4d2b0,638,1,9,__watcall
0004d550,music_init_hmi_4d550,803,1,11,__watcall
0004d880,file_load_rnc_alloc_far_4d880,103,1,4,__watcall
0004d8f0,sound_init_from_sndsetup_4d8f0,288,1,9,__watcall
0004da10,sound_digital_init_4da10,1443,1,16,__watcall
0004dfc0,sound_update_fadein_4dfc0,299,1,2,__watcall
0004e0f0,sound_request_fade_in_4e0f0,38,1,1,__watcall
0004e120,sound_play_fade_in_4e120,437,1,2,__watcall
0004e2e0,sound_update_fadeout_4e2e0,286,1,3,__watcall
0004e400,sound_start_fade_out_4e400,163,1,1,__watcall
0004e4b0,net_check_cancel_4e4b0,119,3,1,__watcall
0004e530,net_add_name_4e530,200,1,5,__watcall
0004e600,net_call_4e600,620,1,6,__watcall
0004e870,net_cancel_4e870,119,3,1,__watcall
0004e8f0,net_netbios_detect_4e8f0,68,1,2,__watcall
0004e940,net_delete_name_4e940,145,2,1,__watcall
0004e9e0,net_hangup_4e9e0,48,2,1,__watcall
0004ea10,net_listen_4ea10,280,3,2,__watcall
0004eb30,net_receive_4eb30,116,1,1,__watcall
0004ebb0,net_receive_chunked_4ebb0,86,1,1,__watcall
0004ec10,net_receive_player_4ec10,60,1,1,__watcall
0004ec50,net_receive_player_wrap_4ec50,34,0,1,__watcall
0004ec80,net_send_4ec80,98,1,1,__watcall
0004ecf0,net_send_chunked_4ecf0,87,1,1,__watcall
0004ed50,net_build_player_status_4ed50,32,2,1,__watcall
0004ed70,net_player_status_4ed70,48,1,0,__watcall
0004eda0,net_netbios_submit_4eda0,202,10,3,__watcall
0004ee70,net_init_4ee70,327,1,4,__watcall
0004efc0,net_shutdown_4efc0,111,2,1,__watcall
0004f030,net_session_join_4f030,804,2,10,__watcall
0004f360,net_player_disconnect_4f360,264,1,5,__watcall
0004f470,net_send_to_player_4f470,87,2,2,__watcall
0004f4d0,net_receive_from_player_4f4d0,87,2,2,__watcall
0004f530,net_exchange_frame_4f530,226,2,2,__watcall
0004f620,net_exchange_block_4f620,193,0,2,__watcall
0004f6f0,sound_restart_sample_4f6f0,165,1,3,__watcall
0004f7a0,sound_play_if_idle_4f7a0,166,1,2,__watcall
0004f850,sound_play_simple_4f850,66,1,1,__watcall
0004f8a0,sound_start_sample_4f8a0,210,3,2,__watcall
0004f974,vesa_copy_banked_4f974,180,30,3,__watcall
0004fa28,input_keyboard_isr_4fa28,286,0,5,__watcall
0004fb46,input_keyboard_install_4fb46,63,1,2,__watcall
0004fb85,input_keyboard_restore_4fb85,27,1,1,__watcall
0004fba0,vfx1_find_driver_fn_base_4fba0,125,1,2,__watcall
0004fc20,vfx1_driver_query_4fc20,127,1,2,__watcall
0004fca0,vfx1_driver_send_block_4fca0,117,1,2,__watcall
0004fd20,vfx1_driver_read_tracker_4fd20,127,1,2,__watcall
0004fdc0,vfx1_init_4fdc0,702,2,9,__watcall
00050080,vfx1_read_tracker_50080,153,1,2,__watcall
00050120,vfx1_driver_cmd_6008_50120,81,1,2,__watcall
00050180,vfx1_vip_set_palette_50180,159,1,0,__watcall
00050220,vfx1_free_dos_buffer_50220,36,2,1,__watcall
00050250,vfx1_int33_realmode_50250,106,4,2,__watcall
000502c0,dpmi_free_dos_mem_502c0,39,1,1,__watcall
000502f0,dpmi_alloc_dos_mem_502f0,116,1,2,__watcall
00050370,vfx1_vip_stereo_enter_50370,88,1,3,__watcall
000503d0,vfx1_vip_stereo_leave_503d0,88,1,3,__watcall
00050430,fli_wait_frame_50430,190,1,1,__watcall
000504f0,fli_mem_read_504f0,47,5,0,__watcall
00050520,fli_read_frame_50520,154,2,2,__watcall
00050600,fli_decode_present_frame_50600,750,2,14,__watcall
000508f0,fli_play_508f0,251,9,7,__watcall
000509f0,fli_mem_decode_color256_509f0,154,1,1,__watcall
00050a90,fli_mem_decode_ss2_50a90,322,1,1,__watcall
00050be0,fli_mem_decode_lc_50be0,286,1,2,__watcall
00050d00,fli_mem_decode_brun_50d00,224,1,2,__watcall
00050de0,flic_set_dest_50de0,29,2,0,__watcall
00050dfd,flic_play_chunk_50dfd,137,3,2,__watcall
00050e88,flic_decode_frame_50e88,174,1,3,__watcall
00050f36,fli_read_file_header_50f36,42,1,0,__watcall
00050f60,fli_skip_chunk_50f60,17,1,0,__watcall
00050f71,fli_decode_ss2_50f71,179,1,0,__watcall
00051024,fli_decode_brun_51024,166,1,0,__watcall
00051ed0,fe_init_state_51ed0,358,1,5,__watcall
00052070,frontend_menu_loop_52070,303,1,19,__watcall
000521c0,fe_screen_config_521c0,1971,1,18,__watcall
00052980,fe_check_shift_q_quit_52980,74,1,0,__watcall
000529d0,fe_wait_ticks_or_input_529d0,158,3,1,__watcall
00052a70,fe_config_option_valid_52a70,50,1,1,__watcall
00052ab0,fe_config_draw_52ab0,273,2,8,__watcall
00052bf0,fe_config_option_table_52bf0,70,2,0,__watcall
00052c40,fe_config_draw_options_52c40,469,1,6,__watcall
00052e20,fe_config_draw_summary_52e20,591,2,6,__watcall
00053070,fe_config_screen_init_53070,357,1,11,__watcall
000531e0,fe_config_screen_exit_531e0,151,1,7,__watcall
000532b0,fe_screen_main_menu_532b0,2068,1,20,__watcall
00053ad0,fe_input_idle_check_53ad0,185,1,0,__watcall
00053b90,fe_menu_select_prev_53b90,36,1,1,__watcall
00053bc0,fe_menu_select_next_53bc0,36,1,1,__watcall
00053bf0,fe_menu_item_enabled_53bf0,79,3,0,__watcall
00053c40,fe_main_menu_animate_53c40,232,1,1,__watcall
00053d30,fe_main_menu_init_53d30,721,1,19,__watcall
00054010,fe_main_menu_exit_54010,172,2,7,__watcall
000540c0,fe_main_menu_draw_overlay_540c0,143,4,2,__watcall
000541f0,fe_save_slot_dialog_541f0,1101,1,16,__watcall
00054640,fe_text_entry_begin_54640,147,1,1,__watcall
000546e0,fe_dialog_draw_buttons_546e0,358,1,6,__watcall
00054850,fe_draw_save_slot_names_54850,166,0,5,__watcall
00054900,fe_screen_intro_movie_54900,417,1,11,__watcall
00054ab0,fe_screen_outro_movie_54ab0,280,1,10,__watcall
00054bd0,fe_screen_multiplayer_54bd0,1572,1,18,__watcall
00055210,fe_multiplayer_draw_slots_55210,1044,5,11,__watcall
00055630,fe_multiplayer_init_55630,390,1,13,__watcall
000557c0,fe_multiplayer_exit_557c0,164,1,8,__watcall
00055870,fe_multiplayer_refresh_55870,171,1,8,__watcall
00055920,fe_lobby_slot_connecting_55920,155,2,8,__watcall
000559c0,fe_multiplayer_slot_joined_559c0,155,3,8,__watcall
00055a60,fe_lobby_slot_clear_55a60,156,1,8,__watcall
00055b00,fe_screen_level_result_55b00,2230,1,24,__watcall
000563c0,fe_screen_bullfrog_logo_563c0,331,1,11,__watcall
00056510,fe_screen_intel_logo_56510,350,1,12,__watcall
00056670,fe_flic_loop_frame_56670,187,0,3,__watcall
00056730,fe_screen_title_56730,497,1,13,__watcall
00056940,fe_screen_language_56940,1237,1,20,__watcall
00056e20,fe_confirm_dialog_56e20,1089,3,13,__watcall
00057270,fe_menu_quit_57270,193,0,5,__watcall
00057331,render_set_buffers_57331,27,0,0,__watcall
00057350,fe_draw_centred_icon_57350,166,0,3,__watcall
00057400,fe_menu_multiplayer_57400,76,0,0,__watcall
00057450,fe_menu_start_level_57450,35,0,0,__watcall
00057480,fe_menu_new_or_resume_game_57480,166,0,2,__watcall
00057530,fe_draw_centered_text_57530,71,0,3,__watcall
00057580,fe_menu_text_dialog_57580,787,0,12,__watcall
000578a0,fe_dialog_draw_title_a_578a0,141,0,5,__watcall
00057930,fe_dialog_draw_title_b_57930,141,0,5,__watcall
000579c0,fe_fli_composite_bg_579c0,44,0,0,__watcall
000579f0,fe_build_bright_table_579f0,244,1,1,__watcall
00057af0,fe_sndsetup_read_57af0,450,1,4,__watcall
00057cc0,fe_input_poll_57cc0,1485,4,1,__watcall
00058290,ui_text_edit_field_58290,1409,2,8,__watcall
00058820,ui_str_prepend_58820,85,1,1,__watcall
00058880,ui_str_delete_at_58880,40,1,1,__watcall
000588b0,ui_set_clip_rect_588b0,63,14,0,__watcall
000588f0,ui_get_clip_rect_588f0,58,5,0,__watcall
00058930,ui_push_clip_rect_58930,30,12,0,__watcall
00058950,ui_pop_clip_rect_58950,30,12,0,__watcall
00058970,ui_text_width_58970,86,12,0,__watcall
000589d0,ui_font_init_589d0,92,4,2,__watcall
00058ab0,ui_draw_text_58ab0,229,16,2,__watcall
00058ba0,ui_draw_glyph_58ba0,911,1,0,__watcall
00058f30,ui_font_relocate_glyphs_58f30,40,1,0,__watcall
00058f60,fe_savegame_read_names_58f60,206,1,4,__watcall
00059030,fe_savegame_load_59030,402,1,4,__watcall
000591d0,fe_savegame_save_591d0,345,1,4,__watcall
00059330,fe_config_apply_input_device_59330,145,1,4,__watcall
000593c4,fe_highlight_masked_item_593c4,72,1,0,__watcall
0005940c,gfx_fill_rect_clipped_5940c,218,1,0,__watcall
00059500,mem_init_pools_59500,607,1,6,__watcall
00059760,mem_check_lowmem_59760,162,1,3,__watcall
00059810,mem_grow_check_59810,71,1,4,__watcall
00059860,mem_set_owner_tag_59860,10,2,0,__watcall
00059870,mem_alloc_59870,125,10,5,__watcall
000598f0,mem_alloc_low_598f0,130,4,4,__watcall
00059980,mem_split_block_59980,129,3,0,__watcall
00059a10,mem_free_59a10,78,12,2,__watcall
00059a60,mem_free_coalesce_59a60,106,1,3,__watcall
00059ad0,mem_shrink_block_59ad0,188,1,2,__watcall
00059b90,mem_merge_next_59b90,69,3,0,__watcall
00059bd8,joy_calibrate_digital_59bd8,123,2,0,__watcall
00059c53,joy_read_digital_59c53,185,2,0,__watcall
00059d0e,joy_detect_59d0e,127,2,0,__watcall
00059d8d,joy_read_raw_axes_59d8d,58,1,1,__watcall
00059dc7,joy_read_analog_59dc7,484,1,1,__watcall
00059fad,joy_poll_axes_59fad,91,2,0,__watcall
0005a010,joy_init_digital_5a010,79,2,4,__watcall
0005a060,joy_init_analog_5a060,776,2,4,__watcall
0005a370,joy_calibrate_prompt_5a370,359,2,9,__watcall
0005a4e0,input_joystick_poll_5a4e0,1941,2,5,__watcall
0005ac80,cpu_detect_5ac80,101,2,2,__watcall
0005ace8,cpu_detect_all_5ace8,27,1,2,__watcall
0005ad03,cpu_identify_5ad03,251,1,0,__watcall
0005adfe,cpu_detect_fpu_5adfe,128,1,0,__watcall
0005ae80,file_load_resource_list_5ae80,171,12,6,__watcall
0005af2c,dos_get_current_drive_5af2c,24,1,0,__watcall
0005af44,dos_set_current_drive_5af44,30,0,0,__watcall
0005af62,dos_get_disk_free_5af62,55,2,1,__watcall
0005afa0,vga_restore_text_mode_5afa0,48,1,1,__watcall
0005afd0,mem_set_5afd0,34,55,1,__watcall
0005aff2,crt_rand_seed_ptr_5aff2,6,2,0,__watcall
0005aff8,crt_rand_5aff8,34,1,1,__watcall
0005b01a,crt_srand_5b01a,16,0,1,__watcall
0005b02a,crt_printf_5b02a,35,16,1,__watcall
0005b050,mouse_cursor_draw_vram_5b050,780,1,1,__watcall
0005b35c,mouse_cursor_draw_5b35c,516,1,0,__watcall
0005b560,mouse_cursor_restore_vram_5b560,477,1,1,__watcall
0005b740,mouse_cursor_restore_5b740,183,1,0,__watcall
0005b7f8,mouse_cursor_hide_for_blit_5b7f8,41,3,1,__watcall
0005b824,mouse_cursor_restore_unlock_5b824,41,0,1,__watcall
0005b850,mouse_cursor_unhide_5b850,27,3,0,__watcall
0005b86c,mouse_event_callback_5b86c,493,0,4,__watcall
0005ba5c,mouse_cursor_set_sprite_5ba5c,440,23,1,__watcall
0005bc14,input_mouse_init_5bc14,447,2,6,__watcall
0005bdd4,mouse_shutdown_5bdd4,145,0,2,__watcall
0005be68,mouse_set_range_5be68,347,3,1,__watcall
0005bfd0,input_keyboard_install_stub_5bfd0,17,1,0,__watcall
0005bfe4,input_keyboard_restore_stub_5bfe4,17,1,0,__watcall
0005bff8,input_bios_read_key_ascii_5bff8,58,0,1,__watcall
0005c040,sound_stop_all_5c040,96,10,2,__watcall
0005c0a0,music_play_track_5c0a0,450,6,11,__watcall
0005c264,fli_file_play_5c264,423,0,8,__watcall
0005c40b,fli_file_decode_frame_chunks_5c40b,195,1,7,__watcall
0005c4ce,fli_file_read_header_5c4ce,69,1,1,__watcall
0005c513,fli_file_read_chunk_to_work_5c513,30,0,1,__watcall
0005c531,fli_file_read_chunk_to_screen_5c531,30,1,1,__watcall
0005c54f,fli_file_read_chunk_to_work_5c54f,30,1,1,__watcall
0005c56d,fli_file_read_color256_5c56d,39,1,1,__watcall
0005c594,fli_file_apply_color256_5c594,117,1,1,__watcall
0005c609,fli_file_decode_ss2_5c609,215,1,1,__watcall
0005c6e0,fli_file_decode_lc_5c6e0,167,1,1,__watcall
0005c787,fli_file_decode_brun_5c787,140,1,1,__watcall
0005c813,fli_file_wait_frame_5c813,82,1,0,__watcall
0005c870,music_load_bank_5c870,180,5,4,__watcall
0005c924,music_bank_relocate_5c924,102,1,0,__watcall
0005c990,sound_load_bank_5c990,198,4,4,__watcall
0005ca58,sound_bank_relocate_5ca58,102,1,0,__watcall
0005cac0,fli_stream_read_5cac0,136,10,1,__watcall
0005cb50,fli_stream_preload_5cb50,81,1,1,__watcall
0005cbb0,sound_play_sample_5cbb0,428,2,2,__watcall
0005cd60,sound_play_sample_loud_5cd60,312,1,2,__watcall
0005cea0,sound_stop_sample_5cea0,143,2,2,__watcall
0005cf2f,stub_noop_5cf2f,17,0,0,__watcall
0005cf40,music_song_done_5cf40,57,5,0,__watcall
0005cf79,stub_noop_5cf79,17,0,0,__watcall
0005cf9b,snd_timer_init_5cf9b,197,2,4,__watcall
0005d060,snd_timer_remove_event_5d060,51,4,3,__watcall
0005d093,hmi_timer_add_event_5d093,418,6,3,__watcall
0005d235,hmi_timer_set_event_rate_5d235,372,0,3,__watcall
0005d3a9,hmi_timer_remove_event_5d3a9,431,8,3,__watcall
0005d558,hmi_timer_get_event_rate_5d558,35,0,0,__watcall
0005d57b,hmi_timer_set_rate_5d57b,46,4,1,__watcall
0005d5a9,hmi_timer_dispatch_events_5d5a9,186,0,0,__watcall
0005d69b,hmi_midi_send_event_5d69b,2622,1,0,__watcall
0005e0d9,snd_midi_reset_channels_5e0d9,991,2,0,__watcall
0005e4b8,hmi_midi_send_event_5e4b8,54,1,0,__watcall
0005e4ee,snd_midi_set_flag_5e4ee,42,1,0,__watcall
0005e518,hmi_lock_marker_5e518,17,0,0,__watcall
0005e53a,snd_midi_init_song_5e53a,1331,1,2,__watcall
0005ea6d,snd_midi_clear_song_slot_5ea6d,67,3,0,__watcall
0005eab0,snd_midi_start_song_5eab0,136,3,1,__watcall
0005eb38,snd_midi_stop_song_5eb38,265,3,3,__watcall
0005ec41,snd_midi_song_setup_5ec41,670,4,2,__watcall
0005eedf,snd_midi_read_varlen_5eedf,119,3,0,__watcall
0005ef56,snd_midi_set_volume_5ef56,213,2,0,__watcall
0005f02b,hmi_lock_marker_5f02b,17,0,0,__watcall
0005f04d,snd_hmi_lock_code_5f04d,1074,1,1,__watcall
0005f47f,snd_hmi_unlock_code_5f47f,1074,1,1,__watcall
0005f8b1,snd_midi_init_system_5f8b1,412,1,2,__watcall
0005fa4d,snd_midi_uninit_system_5fa4d,42,3,1,__watcall
0005fa77,snd_midi_init_driver_5fa77,1167,1,6,__watcall
0005ff24,snd_midi_uninit_driver_5ff24,273,3,1,__watcall
00060035,snd_midi_all_notes_off_60035,215,3,0,__watcall
0006010c,hmi_lock_marker_6010c,17,0,0,__watcall
000603bc,crt_sprintf_603bc,51,47,1,__watcall
000603f0,vga_draw_box_603f0,207,1,1,__watcall
000604c0,vga_draw_rect_outline_640_604c0,207,1,1,__watcall
00060590,gfx_fill_rect_320_60590,128,4,0,__watcall
00060610,gfx_fill_rect_640_60610,117,4,0,__watcall
00060688,ui_draw_sprite_60688,56,17,1,__watcall
000606c0,vga_fill_rect_606c0,56,17,1,__watcall
000606f8,vga_draw_sprite_spans_lo_606f8,21,3,1,__watcall
0006070d,vga_draw_sprite_spans_6070d,2016,6,0,__watcall
00060f3c,gfx_put_pixel_320_60f3c,61,1,0,__watcall
00060f7c,gfx_put_pixel_640_60f7c,58,1,0,__watcall
00060fc0,palette_find_nearest_60fc0,251,10,0,__watcall
000610c0,file_free_resource_list_610c0,47,14,1,__watcall
000610f0,vga_copy_320x200_610f0,57,31,2,__watcall
00061130,vesa_get_mode_info_61130,216,1,3,__watcall
00061208,vesa_set_mode_61208,97,2,3,__watcall
0006126c,vesa_set_bank_6126c,147,7,0,__watcall
00061300,vesa_get_info_61300,210,1,4,__watcall
000613e0,vga_set_mode_13h_613e0,153,3,4,__watcall
00061480,vga_set_mode_640x480_61480,142,3,5,__watcall
00061510,vga_palette_fade_61510,518,22,4,__watcall
00061718,vga_palette_fade_reset_61718,24,1,0,__watcall
00061730,crt_stricmp_wrap_61730,21,0,1,__watcall
00061745,crt_stricmp_61745,65,6,0,__watcall
00061786,crt_atoi_61786,87,1,0,__watcall
000617e0,sound_shutdown_617e0,132,2,8,__watcall
00061870,music_shutdown_61870,262,2,8,__watcall
00061978,mem_free_stub_61978,29,1,1,__watcall
000619a0,file_open_619a0,107,21,4,__watcall
00061a10,file_close_61a10,37,20,1,__watcall
00061a40,file_read_61a40,51,14,1,__watcall
00061a80,crt_lseek_wrap_61a80,45,2,1,__watcall
00061ab0,rnc_unpack_61ab0,392,3,4,__watcall
00061c44,bswap32_61c44,9,1,0,__watcall
00061c4d,rnc_huff_decode_61c4d,67,1,1,__watcall
00061c90,rnc_get_bits_61c90,131,3,0,__watcall
00061d13,rnc_huff_build_61d13,153,1,1,__watcall
00061db0,file_save_61db0,98,4,3,__watcall
00061e20,file_write_61e20,51,8,1,__watcall
00061e53,crt_access_wrap_61e53,21,0,1,__watcall
00061e68,crt_access_61e68,62,3,1,__watcall
00061ea6,crt_mkdir_61ea6,34,1,1,__watcall
00061ec8,vga_read_palette_61ec8,36,2,0,__watcall
00061eec,file_length_61eec,68,3,1,__watcall
00061f30,dos_int86_61f30,46,15,2,__watcall
00061f80,mem_pool_init_61f80,807,4,6,__watcall
000622a8,mem_stats_622a8,244,6,0,__watcall
0006239c,dos_alloc_dos_memory_6239c,101,1,1,__watcall
00062410,dos_free_all_dos_memory_62410,122,1,2,__watcall
0006248c,dos_free_dos_memory_6248c,60,2,1,__watcall
000624c8,_entry,2,0,0,__watcall
00062542,crt_startup_62542,538,0,2,__watcall
0006275c,crt_fatal_error_6275c,56,1,1,__watcall
00062794,crt_null_stub2_62794,9,3,0,__watcall
0006279e,crt_null_stub_6279e,1,2,0,__watcall
0006279f,crt_exit_6279f,26,6,2,__watcall
000627b9,crt__exit_627b9,22,1,1,__watcall
000627d0,sound_set_sample_volume_627d0,195,1,2,__watcall
00062893,hmi_lock_marker_62893,17,0,0,__watcall
000628a4,sound_count_playing_628a4,88,1,0,__watcall
000628fc,hmi_lock_marker_628fc,17,0,0,__watcall
0006291e,hmi_sample_done_6291e,156,14,0,__watcall
000629ba,hmi_sample_is_playing_629ba,166,0,0,__watcall
00062a80,sprite_table_relocate_x2_62a80,68,7,0,__watcall
00062ad0,sprite_table_relocate_62ad0,56,7,0,__watcall
00062b10,sprite_table_unrelocate_half_62b10,116,1,0,__watcall
00062b90,sprite_table_unrelocate_62b90,56,1,0,__watcall
00062bc8,crt_strnicmp_62bc8,99,1,0,__watcall
00062c2c,isr_chain_old_vector_62c2c,33,2,0,__watcall
00062c4d,dos_outb_62c4d,10,4,0,__watcall
00062c57,dos_getvect_62c57,52,3,0,__watcall
00062c8b,dos_setvect_62c8b,53,4,0,__watcall
00062cc0,crt_fopen_mode_62cc0,182,1,2,__watcall
00062d76,crt_fopen_core_62d76,259,1,6,__watcall
00062e79,crt_fopen_62e79,47,1,2,__watcall
00062ea8,crt_fopen_wrap_62ea8,23,3,1,__watcall
00062ebf,crt_freopen_find_stream_62ebf,99,0,2,__watcall
00062f57,crt_fprintf_62f57,37,3,1,__watcall
00062f7c,crt_fclose_byfd_62f7c,45,3,1,__watcall
00062fa9,crt_fclose_62fa9,38,2,2,__watcall
00062fcf,crt_tmpnam_digit_62fcf,16,1,0,__watcall
00062fdf,crt_tmpnam_62fdf,121,1,2,__watcall
00063058,crt_doclose_63058,167,2,7,__watcall
000630ff,crt_scnf_cget_file_630ff,82,0,1,__watcall
00063169,crt_sscanf_63169,60,1,1,__watcall
000631a5,crt_sscanf_wrap_631a5,37,2,1,__watcall
000631ca,crt_getenv_631ca,91,6,1,__watcall
00063225,crt_scnf_cget_string_63225,42,0,0,__watcall
00063257,crt_fscanf_63257,60,1,1,__watcall
00063293,crt_fscanf_wrap_63293,37,2,1,__watcall
000632b8,hmi_lock_marker_632b8,17,0,0,__watcall
000632c9,snd_hmi_error_string_632c9,35,3,0,__watcall
000632ec,hmi_lock_marker_632ec,17,0,0,__watcall
0006330e,snd_midi_driver_call_6330e,54,1,0,__watcall
00063344,snd_midi_send_ins_data_paced_63344,217,0,2,__watcall
00063450,file_get_unpacked_size_63450,205,2,5,__watcall
00063520,crt_strcmp_63520,172,4,0,__watcall
000635cc,hmi_lock_marker_635cc,17,0,0,__watcall
000635dd,snd_digi_detect_init_635dd,361,1,10,__watcall
00063746,snd_digi_detect_uninit_63746,84,1,3,__watcall
0006379a,snd_digi_detect_find_6379a,429,1,4,__watcall
00063947,snd_digi_detect_get_caps_63947,373,0,3,__watcall
00063d88,snd_digi_detect_settings_63d88,232,1,4,__watcall
00063e70,snd_digi_detect_verify_settings_63e70,228,0,4,__watcall
00063f76,hmi_digi_lock_code_63f76,453,1,1,__watcall
0006413b,hmi_digi_unlock_code_6413b,453,1,1,__watcall
00064300,snd_digi_init_system_64300,92,1,2,__watcall
0006435c,snd_digi_uninit_system_6435c,42,2,1,__watcall
00064386,snd_digi_init_driver_64386,1842,1,12,__watcall
00064ab8,snd_digi_uninit_driver_64ab8,391,2,5,__watcall
00064c3f,hmi_digi_alloc_dma_buffer_64c3f,169,1,3,__watcall
00064ce8,hmi_seg_off_to_linear_64ce8,46,0,0,__watcall
00064d38,hmi_set_sample_volume_64d38,140,3,0,__watcall
00064dc4,snd_digi_set_master_volume_64dc4,150,1,0,__watcall
00064e5a,hmi_lock_marker_64e5a,17,0,0,__watcall
00064e7c,hmi_start_sample_64e7c,1545,6,0,__watcall
00065485,hmi_stop_sample_65485,140,6,0,__watcall
00065511,hmi_digi_continue_sample_65511,870,0,0,__watcall
00065888,dos_get_segregs_65888,42,6,0,__watcall
000658b2,dos_int386x_658b2,35,6,1,__watcall
000658d5,crt_system_658d5,114,1,3,__watcall
00065947,crt_inp_65947,8,1,0,__watcall
0006594f,crt_strtol_core_6594f,326,1,2,__watcall
00065a95,crt_strtol_65a95,28,0,1,__watcall
00065ab1,crt_strtoul_65ab1,5,1,0,__watcall
00065ab6,crt_radix_digit_65ab6,88,1,1,__watcall
00065b10,vga_wait_vsync_65b10,14,3,0,__watcall
00065b20,music_update_65b20,111,1,3,__watcall
00065b90,gfx_copy_rows_320_65b90,26,16,0,__watcall
00065bac,gfx_copy_rows_640_65bac,33,16,0,__watcall
00065bcd,crt_strncmp_65bcd,53,3,0,__watcall
00065c10,gfx_set_clip_window_65c10,85,4,0,__watcall
00065c70,sound_play_sample_65c70,421,1,3,__watcall
00065e15,crt_memmove_65e15,82,2,0,__watcall
00065e70,file_free_resource_65e70,56,5,1,__watcall
00065eb0,file_load_resource_65eb0,303,3,5,__watcall
00065fdf,crt_fgets_65fdf,172,1,1,__watcall
0006608b,crt_set_edom_6608b,11,0,1,__watcall
0006609a,crt_errno_fail_6609a,16,1,1,__watcall
000660aa,crt_set_errno_660aa,12,20,1,__watcall
000660b6,crt_set_doserrno_660b6,7,4,1,__watcall
000660bd,crt_call_hook_a46b9_660bd,11,0,0,__watcall
000660d0,crt_memset_660d0,49,1,1,__watcall
00066107,crt_memset32_66107,108,1,0,__watcall
00066173,crt_prtf_putc_file_66173,32,0,1,__watcall
00066193,crt_vfprintf_core_66193,151,2,3,__watcall
0006622c,input_bios_poll_key_6622c,72,1,0,__watcall
00066274,crt_open_66274,34,5,1,__watcall
00066296,crt_open_core_66296,476,4,5,__watcall
00066472,crt_set_binary_mode_66472,108,0,3,__watcall
000664de,crt_close_wrap_664de,14,8,1,__watcall
000664ec,crt_read_664ec,281,10,4,__watcall
00066680,pit_program_66680,70,1,0,__watcall
000666c6,timer_install_irq0_666c6,139,1,0,__watcall
00066751,pic_mask_irq0_66751,44,5,0,__watcall
0006677d,pic_unmask_irq0_6677d,44,5,0,__watcall
000667a9,pit_restore_667a9,85,1,0,__watcall
000667fe,hmi_timer_isr_chain_old_667fe,66,0,0,__watcall
00066852,hmi_make_far_ptr_66852,36,2,0,__watcall
00066876,hmi_lock_marker_66876,17,0,0,__watcall
00066887,hmi_lock_marker_66887,17,0,0,__watcall
00066898,snd_midi_song_timer_cb_66898,1320,0,5,__watcall
00066dc0,hmi_lock_marker_66dc0,17,0,0,__watcall
00066dd1,hmi_lock_marker_66dd1,17,0,0,__watcall
00066de2,hmi_midi_slot_is_free_66de2,51,1,0,__watcall
00066e15,hmi_lock_marker_66e15,17,0,0,__watcall
00066e29,dpmi_lock_region_66e29,45,6,0,__watcall
00066e56,dpmi_unlock_region_66e56,45,3,0,__watcall
00066e83,hmi_digi_init_channel_ptrs_66e83,48,1,0,__watcall
00066eb3,dpmi_get_segment_base_66eb3,43,5,0,__watcall
00066ede,dpmi_alloc_selector_66ede,70,5,0,__watcall
00066f24,dpmi_alloc_locked_dos_mem_66f24,77,1,0,__watcall
00066f71,hmi_drv_call_ax_stub_66f71,10,0,0,__watcall
00066fb8,hmi_det_drv_get_caps_66fb8,84,2,0,__watcall
0006700c,hmi_digi_drv_get_info_6700c,53,1,0,__watcall
00067041,hmi_digi_drv_stop_67041,43,1,0,__watcall
0006706c,hmi_det_drv_find_hardware_6706c,43,3,0,__watcall
00067097,hmi_det_drv_get_settings_67097,69,1,0,__watcall
000670dc,hmi_det_drv_verify_settings_670dc,56,1,0,__watcall
00067114,hmi_digi_drv_uninit_67114,43,1,0,__watcall
0006713f,hmi_digi_drv_get_entry_points_6713f,98,1,0,__watcall
000671a1,hmi_digi_drv_init_hw_671a1,57,1,0,__watcall
000671da,hmi_digi_drv_start_671da,49,1,0,__watcall
0006720b,hmi_digi_drv_call2_6720b,47,1,0,__watcall
0006723a,hmi_digi_drv_call3_6723a,47,1,0,__watcall
00067269,dos_vds_lock_region_67269,55,1,0,__watcall
000672a0,dos_vds_unlock_region_672a0,55,1,0,__watcall
000672e9,hmi_midi_get_callback_driver_table_672e9,33,1,0,__watcall
0006730a,hmi_midi_cbdrv_send_event_6730a,48,0,0,__watcall
000673d1,hmi_midi_get_wavemidi_driver_table_673d1,33,1,0,__watcall
000673f2,hmi_wavemidi_send_event_673f2,775,0,5,__watcall
00067adc,hmi_wavemidi_queue_init_67adc,118,0,0,__watcall
00067b52,hmi_wavemidi_queue_uninit_67b52,17,0,0,__watcall
00067b63,hmi_wavemidi_queue_push_67b63,196,1,0,__watcall
00067c27,hmi_wavemidi_queue_pop_67c27,154,1,0,__watcall
00067cc1,hmi_wavemidi_queue_remove_at_67cc1,300,0,0,__watcall
00067ded,hmi_wavemidi_queue_remove_key_67ded,367,1,0,__watcall
00067f5c,hmi_lock_marker_67f5c,17,0,0,__watcall
00067f7e,hmi_midi_load_driver_67f7e,497,1,10,__watcall
0006816f,hmi_midi_free_driver_slot_6816f,106,1,0,__watcall
000681d9,hmi_lock_marker_681d9,17,0,0,__watcall
0006834f,hmi_midi_get_gus_driver_table_6834f,33,1,0,__watcall
00068370,snd_awe32_midi_send_event_68370,454,0,7,__watcall
00068619,snd_opl_pitch_bend_68619,194,1,2,__watcall
000686db,snd_opl_calc_bent_freq_686db,406,2,0,__watcall
00068871,hmi_lock_marker_68871,17,0,0,__watcall
00068893,snd_opl_controller_68893,293,1,4,__watcall
000689b8,hmi_lock_marker_689b8,17,0,0,__watcall
000689da,snd_opl_note_on_689da,1230,1,7,__watcall
00068ea8,hmi_lock_marker_68ea8,17,0,0,__watcall
00068eca,snd_opl_note_off_68eca,255,2,1,__watcall
00068fc9,snd_opl_all_notes_off_68fc9,169,1,1,__watcall
00069072,snd_opl_reset_controllers_69072,136,1,0,__watcall
000690fa,hmi_lock_marker_690fa,17,0,0,__watcall
0006911c,snd_opl_midi_event_6911c,475,0,5,__watcall
000692f7,hmi_lock_marker_692f7,17,0,0,__watcall
00069319,snd_opl_reset_state_69319,198,0,1,__watcall
000693df,hmi_lock_marker_693df,17,0,0,__watcall
00069401,snd_opl_set_timbre_bank_69401,345,0,2,__watcall
0006955a,snd_opl_pack_timbre_bank_6955a,512,1,0,__watcall
0006975a,hmi_lock_marker_6975a,17,0,0,__watcall
0006977c,snd_opl_driver_uninit_6977c,67,0,3,__watcall
000697bf,hmi_lock_marker_697bf,17,0,0,__watcall
000697e1,snd_opl_driver_init_697e1,70,0,2,__watcall
00069827,hmi_lock_marker_69827,17,0,0,__watcall
00069940,snd_opl_init_chip_69940,127,2,2,__watcall
000699bf,hmi_lock_marker_699bf,17,0,0,__watcall
000699e1,snd_opl_voice_set_freq_699e1,116,2,1,__watcall
00069a55,hmi_lock_marker_69a55,17,0,0,__watcall
00069a77,snd_opl_clear_voices_69a77,152,2,1,__watcall
00069b0f,hmi_lock_marker_69b0f,17,0,0,__watcall
00069b31,snd_opl_voice_key_on_69b31,160,1,1,__watcall
00069bd1,hmi_lock_marker_69bd1,17,0,0,__watcall
00069bf3,snd_opl_voice_key_off_69bf3,94,3,1,__watcall
00069c51,hmi_lock_marker_69c51,17,0,0,__watcall
00069c73,snd_opl_silence_all_69c73,204,2,1,__watcall
00069d3f,hmi_lock_marker_69d3f,17,0,0,__watcall
00069d61,snd_opl_load_timbre_69d61,487,1,1,__watcall
00069f48,hmi_lock_marker_69f48,17,0,0,__watcall
00069f6a,snd_opl_clear_chip_ready_69f6a,31,1,0,__watcall
00069f89,hmi_lock_marker_69f89,17,0,0,__watcall
00069f9c,snd_opl_write_69f9c,58,9,0,__watcall
00069fd6,hmi_strcpy_far_69fd6,69,2,0,__watcall
0006a093,hmi_midi_bind_driver_table_6a093,78,1,0,__watcall
0006a0e6,crt_prtf_core_6a0e6,687,2,2,__watcall
0006a395,crt_prtf_parse_spec_6a395,320,1,1,__watcall
0006a4d5,crt_prtf_parse_flags_6a4d5,99,1,0,__watcall
0006a538,crt_strnlen_6a538,38,1,0,__watcall
0006a55e,crt_wcsnlen_6a55e,49,1,0,__watcall
0006a58f,crt_prtf_zero_pad_6a58f,98,1,1,__watcall
0006a5f1,crt_prtf_fixed_point_6a5f1,227,1,1,__watcall
0006a6d4,crt_prtf_float_stub_6a6d4,27,1,1,__watcall
0006a6ef,crt_prtf_convert_arg_6a6ef,1195,1,9,__watcall
0006ab9a,crt_strupr_6ab9a,32,1,1,__watcall
0006abbc,vga_fill_rect_clipped_6abbc,279,1,0,__watcall
0006acd4,gfx_fill_rect_clipped_6acd4,257,1,0,__watcall
0006add5,crt_creat_6add5,23,1,1,__watcall
0006adec,crt_setmode_6adec,178,1,3,__watcall
0006ae9e,crt_lseek_wrap_6ae9e,26,0,1,__watcall
0006aeb8,crt_lseek_6aeb8,75,16,1,__watcall
0006af03,crt_write_6af03,462,1,5,__watcall
0006b0d1,crt_dos_retcode_6b0d1,26,1,1,__watcall
0006b0eb,crt_dos_retcode2_6b0eb,29,2,1,__watcall
0006b108,crt_set_errno_dos_6b108,112,11,2,__watcall
0006b178,crt_malloc_6b178,14,10,1,__watcall
0006b186,crt_nmalloc_6b186,238,5,2,__watcall
0006b274,crt_realloc_6b274,21,1,1,__watcall
0006b289,crt_mem_expand_6b289,427,1,1,__watcall
0006b434,crt_nrealloc_6b434,138,1,2,__watcall
0006b4be,crt_memswap_6b4be,38,1,0,__watcall
0006b4e4,crt_qsort_med3_6b4e4,96,1,0,__watcall
0006b544,crt_qsort_6b544,942,1,2,__watcall
0006b8f2,crt_free_6b8f2,14,6,1,__watcall
0006b900,crt_nfree_6b900,94,7,1,__watcall
0006b95e,crt_cmain_6b95e,89,1,4,__watcall
0006b9b8,crt_init_rtns_6b9b8,75,1,1,__watcall
0006ba03,crt_fini_rtns_6ba03,79,1,1,__watcall
0006ba52,crt_ret_stub_6ba52,1,0,0,__watcall
0006ba53,crt_setup_argv_6ba53,196,1,2,__watcall
0006bb17,crt_parse_cmdline_6bb17,229,1,0,__watcall
0006bbfc,crt_tolower_wrap_6bbfc,14,0,1,__watcall
0006bc0a,crt_tolower_6bc0a,18,5,0,__watcall
0006bc1c,crt_allocfp_6bc1c,163,1,3,__watcall
0006bcbf,crt_freefp_6bcbf,55,2,0,__watcall
0006bcf6,crt_freefp_all_6bcf6,30,1,1,__watcall
0006bd14,crt_fseek_inbuf_6bd14,71,1,0,__watcall
0006bd5b,crt_fseek_6bd5b,339,1,5,__watcall
0006beae,crt_chktty_6beae,51,2,1,__watcall
0006bee2,crt_tmpnam_seed_6bee2,6,1,0,__watcall
0006bee8,crt_fflush_6bee8,196,5,3,__watcall
0006bfac,crt_ftell_6bfac,52,1,1,__watcall
0006bfe0,crt_close_6bfe0,53,2,2,__watcall
0006c015,crt_remove_6c015,14,1,1,__watcall
0006c023,crt_fgetc_6c023,139,2,2,__watcall
0006c0ae,crt_filbuf_6c0ae,47,1,1,__watcall
0006c0dd,crt_fill_buffer_6c0dd,187,1,4,__watcall
0006c198,crt_ungetc_6c198,162,0,1,__watcall
0006c23a,crt_scnf_core_6c23a,536,2,8,__watcall
0006c452,crt_scnf_parse_spec_6c452,221,1,0,__watcall
0006c52f,crt_scnf_skip_ws_6c52f,55,1,0,__watcall
0006c566,crt_scnf_char_6c566,141,1,0,__watcall
0006c5f3,crt_scnf_string_6c5f3,281,1,1,__watcall
0006c70c,crt_scnf_store_count_6c70c,107,1,0,__watcall
0006c777,crt_scnf_build_set_6c777,68,1,1,__watcall
0006c7bb,crt_scnf_set_6c7bb,262,1,1,__watcall
0006c8c1,crt_scnf_number_6c8c1,835,1,3,__watcall
0006cc04,crt_scnf_integer_6cc04,553,1,2,__watcall
0006ce2d,crt_hexdigit_value_6ce2d,47,1,1,__watcall
0006ce5c,crt_scnf_getc_6ce5c,39,3,0,__watcall
0006ce84,crt_strcpy_6ce84,37,5,0,__watcall
0006cea9,crt_strcat_6cea9,57,4,0,__watcall
0006cee2,hmi_lock_marker_6cee2,17,0,0,__watcall
0006cef3,hmi_digi_get_driver_info_6cef3,149,1,1,__watcall
0006cf88,hmi_lock_marker_6cf88,17,0,0,__watcall
0006cfaa,snd_hmi_load_digital_driver_6cfaa,508,1,10,__watcall
0006d1a6,snd_hmi_unload_driver_6d1a6,106,2,0,__watcall
0006d210,snd_hmi_load_midi_driver_6d210,418,1,10,__watcall
0006d3b2,hmi_digi_check_far_ptr_6d3b2,62,1,0,__watcall
0006d3f0,hmi_stub_return_zero_6d3f0,27,0,0,__watcall
0006d540,dos_int386x_core_6d540,56,1,1,__watcall
0006d578,dos_int_call_stub_6d578,37,1,0,__watcall
0006d59d,dos_int_call_allregs_6d59d,77,0,0,__watcall
0006d91e,crt_switchar_6d91e,45,2,0,__watcall
0006d94b,crt_file_exists_6d94b,31,1,1,__watcall
0006d96a,crt_exec_6d96a,47,1,2,__watcall
0006d999,crt_spawn_6d999,857,2,20,__watcall
0006dcf2,crt_spawnlp_6dcf2,26,1,1,__watcall
0006dd0c,crt_errno_ptr_6dd0c,6,4,0,__watcall
0006dd12,crt_doserrno_ptr_6dd12,6,1,0,__watcall
0006dd18,crt_flsbuf_6dd18,206,1,3,__watcall
0006dde6,crt_ioalloc_6dde6,128,4,2,__watcall
0006de66,dos_ioctl_isdevice_6de66,28,3,0,__watcall
0006de82,crt_get_iomode_6de82,86,6,1,__watcall
0006ded8,crt_set_iomode_6ded8,22,4,0,__watcall
0006def4,snd_awe32_channels_init_6def4,169,0,1,__watcall
0006df9d,snd_awe32_poke_b_6df9d,100,16,0,__watcall
0006e001,snd_awe32_peek_b_6e001,104,7,0,__watcall
0006e069,snd_awe32_poke_w_6e069,121,7,0,__watcall
0006e0e2,snd_awe32_peek_w_6e0e2,130,3,0,__watcall
0006e164,snd_awe32_find_voice_6e164,340,1,3,__watcall
0006e2b8,snd_awe32_note_in_range_6e2b8,46,1,0,__watcall
0006e2e6,snd_awe32_patch_adjust_param_6e2e6,107,1,0,__watcall
0006e351,snd_awe32_patch_lookup_6e351,824,1,2,__watcall
0006e689,snd_freq_to_note_6e689,46,1,0,__watcall
0006e6b7,snd_cents_to_freq_6e6b7,91,1,0,__watcall
0006e712,snd_awe32_note_on_6e712,1507,1,7,__watcall
0006ecf5,snd_awe32_note_off_6ecf5,280,2,3,__watcall
0006ee0d,snd_awe32_note_event_6ee0d,55,1,2,__watcall
0006ee44,snd_awe32_cc_bank_select_6ee44,52,1,0,__watcall
0006ee78,snd_awe32_cc_reverb_send_6ee78,41,1,0,__watcall
0006eea1,snd_awe32_cc_chorus_send_6eea1,41,1,0,__watcall
0006eeca,snd_awe32_cc_pan_6eeca,32,1,0,__watcall
0006eeea,snd_awe32_cc_volume_6eeea,263,2,2,__watcall
0006eff1,snd_awe32_cc_expression_6eff1,41,1,1,__watcall
0006f01a,snd_awe32_cc_sustain_6f01a,162,1,1,__watcall
0006f0bc,snd_awe32_pitch_bend_apply_6f0bc,170,2,2,__watcall
0006f166,snd_awe32_cc_nrpn_lsb_6f166,44,1,0,__watcall
0006f192,snd_awe32_cc_nrpn_msb_6f192,34,1,0,__watcall
0006f1b4,snd_awe32_cc_data_entry_msb_6f1b4,127,1,0,__watcall
0006f233,snd_awe32_cc_data_entry_lsb_6f233,114,1,0,__watcall
0006f2a5,snd_awe32_reset_controllers_6f2a5,150,1,0,__watcall
0006f33b,snd_awe32_all_notes_off_6f33b,90,1,1,__watcall
0006f395,snd_awe32_controller_6f395,497,1,14,__watcall
0006f586,snd_awe32_program_change_6f586,352,2,0,__watcall
0006f6e6,snd_awe32_channel_pressure_noop_6f6e6,8,1,0,__watcall
0006f6ee,snd_awe32_set_bend_6f6ee,64,1,1,__watcall
0006f72e,snd_awe32_pitch_bend_6f72e,211,1,1,__watcall
0006f801,snd_awe32_set_chorus_mode_6f801,148,0,2,__watcall
0006f895,snd_awe32_set_reverb_mode_6f895,124,0,1,__watcall
0006f911,snd_awe32_match_sysex_6f911,105,0,0,__watcall
0006f986,snd_awe32_detect_6f986,70,0,1,__watcall
0006f9cc,snd_awe32_probe_6f9cc,137,1,1,__watcall
0006fa55,snd_awe32_delay_6fa55,53,4,1,__watcall
0006fa8a,snd_awe32_reset_voices_6fa8a,262,1,1,__watcall
0006fb90,snd_awe32_init_voices_6fb90,168,1,2,__watcall
0006fc38,snd_awe32_init_regs_6fc38,982,1,3,__watcall
0007000e,snd_awe32_init_dram_7000e,326,2,2,__watcall
00070154,snd_awe32_upload_patches_70154,654,1,4,__watcall
000703e2,snd_awe32_init_703e2,158,0,7,__watcall
00070480,snd_awe32_shutdown_70480,54,0,3,__watcall
000704b6,snd_awe32_get_hw_block_704b6,6,0,0,__watcall
000704cd,snd_opl_set_channel_volume_704cd,424,1,1,__watcall
00070675,hmi_lock_marker_70675,17,0,0,__watcall
00070697,snd_opl_alloc_voice_70697,165,1,0,__watcall
0007073c,hmi_lock_marker_7073c,17,0,0,__watcall
0007075e,snd_opl_program_change_7075e,43,2,0,__watcall
000707bf,crt_utoa_707bf,82,1,0,__watcall
00070811,crt_itoa_70811,53,4,1,__watcall
00070846,crt_itoa_wrap_70846,26,0,1,__watcall
00070860,crt_no_fp_support_70860,16,2,1,__watcall
00070895,crt_ultoa_70895,80,2,0,__watcall
000708e5,crt_ltoa_708e5,53,2,1,__watcall
0007091a,crt_ltoa_wrap_7091a,26,0,1,__watcall
00070942,crt_toupper_70942,18,1,0,__watcall
00070954,crt_stackavail_70954,9,3,0,__watcall
0007095e,crt_record_ss_7095e,8,0,0,__watcall
00070966,crt_stack_check_70966,16,2,1,__watcall
00070979,crt_alloca_check_70979,30,1,0,__watcall
00070997,crt_heap_alloc_block_70997,176,1,1,__watcall
00070a4c,crt_heap_free_block_70a4c,272,1,0,__watcall
00070b57,crt_heap_unlink_70b57,65,2,0,__watcall
00070b98,crt_heap_shrink_70b98,94,2,1,__watcall
00070bf6,crt_heap_realloc_dpmi_block_70bf6,282,0,4,__watcall
00070d10,crt_heap_link_70d10,116,3,0,__watcall
00070d84,crt_heap_end_check_70d84,75,1,0,__watcall
00070dcf,crt_heap_grow_dpmi_70dcf,210,1,1,__watcall
00070ea1,crt_heap_grow_70ea1,207,1,4,__watcall
00070f70,crt_heap_expand_70f70,347,2,5,__watcall
000710cb,crt_heap_round_size_710cb,118,2,1,__watcall
00071141,crt_ret_zero_71141,3,1,0,__watcall
00071144,crt_set_amblksiz_71144,11,1,0,__watcall
0007114f,crt_tell_7114f,18,2,1,__watcall
00071161,crt_init_std_streams_71161,117,0,3,__watcall
000711d6,crt_full_io_exit_711d6,26,1,2,__watcall
000711f0,crt_flushall_711f0,91,1,1,__watcall
0007124b,crt_qwrite_7124b,121,1,3,__watcall
000712c4,crt_unlink_712c4,34,1,1,__watcall
000712e6,crt_flushall_712e6,11,0,1,__watcall
000712f1,crt_flush_streams_712f1,55,2,1,__watcall
00071328,crt_getche_71328,27,1,0,__watcall
00071343,crt_qread_71343,43,1,1,__watcall
0007136e,crt_fdfs_7136e,76,1,0,__watcall
000713ba,crt_setenvp_713ba,221,0,3,__watcall
00071498,dos_findfirst_71498,45,1,2,__watcall
000714c5,dos_findnext_714c5,32,0,3,__watcall
000714e8,dos_dta_copy_714e8,35,2,0,__watcall
0007150b,dos_dta_copy_in_7150b,35,1,0,__watcall
0007152e,crt_stpcpy_7152e,25,2,0,__watcall
00071547,crt_build_envblock_71547,351,1,8,__watcall
000716a6,crt_build_cmdtail_716a6,109,2,1,__watcall
00071713,dos_exec_71713,211,1,1,__watcall
000717e6,crt_strlen_717e6,25,3,0,__watcall
000717ff,crt_splitpath_pcopy_717ff,85,1,0,__watcall
00071854,crt_splitpath_71854,158,1,1,__watcall
000718f2,crt_ret_stub_718f2,1,1,0,__watcall
000718f3,crt_makepath_sep_718f3,30,1,0,__watcall
00071911,crt_makepath_71911,237,1,1,__watcall
000719fe,crt_spawnl_719fe,33,1,1,__watcall
00071a1f,crt_spawnvp_71a1f,35,1,1,__watcall
00071a42,crt_fatal_error_stub_71a42,13,1,1,__watcall
00071a4f,crt_fatal_runtime_error_71a4f,46,3,2,__watcall
00071a7d,crt_heapenable_71a7d,16,0,0,__watcall
00071b4f,crt_sbrk_71b4f,194,1,1,__watcall
00071c12,crt_dos_result_71c12,19,2,1,__watcall
00071c25,crt_spawn_path_search_71c25,351,1,9,__watcall
00071d84,crt_debugger_trap_71d84,37,1,0,__watcall
00071daf,crt_strchr_71daf,30,1,0,__watcall
00071dcd,crt_memcpy_71dcd,41,1,0,__watcall
00071e00,terrain_height_at_71e00,255,3,0,__watcall
00071f08,terrain_fractal_fill_71f08,138,1,2,__watcall
00071f92,terrain_fractal_square_step_71f92,149,1,0,__watcall
00072027,terrain_fractal_diamond_step_72027,288,1,0,__watcall
00072147,texture_average_colours_72147,208,1,0,__watcall
00072217,castle_mark_footprint_circle_72217,200,0,0,__watcall
000722e3,poly_fill_triangle_722e3,26646,1,0,__watcall
00078dd5,render_set_viewport_78dd5,78,3,0,__watcall
00078e23,render_draw_line_clipped_78e23,1059,0,0,__watcall
00079246,vesa_present_anaglyph16_79246,277,1,2,__watcall
0007935b,vesa_present_anaglyph16_small_7935b,85,1,2,__watcall
000793b0,anaglyph16_combine_793b0,189,2,0,__watcall
0007946d,vesa_copy_interlaced_7946d,327,1,3,__watcall
000795b4,con_get_cursor_795b4,50,3,1,__watcall
000795e6,con_set_cursor_795e6,164,2,3,__watcall
0007968a,con_write_chars_7968a,452,2,2,__watcall
0007984e,con_print_string_7984e,58,2,4,__watcall
00079888,con_outmem_79888,38,0,4,__watcall
0007998d,con_calc_page_size_7998d,111,1,0,__watcall
000799fc,con_init_799fc,292,2,2,__watcall
00079b20,con_reinit_video_state_79b20,135,3,2,__watcall
00079ba7,con_set_gfx_mode_params_79ba7,115,0,1,__watcall
00079c48,con_hide_cursor_79c48,106,4,2,__watcall
00079cb2,con_set_video_mode_79cb2,39,2,0,__watcall
00079cd9,con_xor_cursor_cell_79cd9,163,2,3,__watcall
00079d7c,con_require_graphics_mode_79d7c,36,2,0,__watcall
00079da0,con_require_graphics_hide_cursor_79da0,36,0,1,__watcall
00079dc4,con_show_cursor_79dc4,61,3,2,__watcall
00079df0,con_dev_begin_draw_79df0,9,4,0,__watcall
00079df9,con_dev_end_draw_79df9,9,4,0,__watcall
00079e02,con_scroll_text_window_79e02,470,1,4,__watcall
00079fd8,con_scroll_window_gfx_79fd8,318,1,5,__watcall
0007a116,con_move_text_rows_7a116,214,1,0,__watcall
0007a1ec,con_put_char_7a1ec,605,1,4,__watcall
0007a449,vga_detect_adapter_7a449,230,1,3,__watcall
0007a52f,ega_detect_7a52f,226,1,2,__watcall
0007a611,vga_detect_mono_7a611,136,2,1,__watcall
0007a699,con_detect_colour_crtc_7a699,24,1,1,__watcall
0007a6b1,con_probe_crtc_7a6b1,62,2,0,__watcall
0007a6ef,con_init_video_segments_7a6ef,149,1,0,__watcall
0007a794,con_get_plot_action_7a794,44,1,0,__watcall
0007a7c0,con_set_plot_action_7a7c0,89,4,1,__watcall
0007a819,con_draw_glyph_clipped_7a819,75,1,2,__watcall
0007a864,con_lineto_clipped_7a864,190,0,2,__watcall
0007a922,con_draw_glyph_gfx_7a922,186,2,3,__watcall
0007a9dc,gfx_get_mode_word_7a9dc,7,1,0,__watcall
0007a9e3,con_set_color_7a9e3,35,2,2,__watcall
0007aa06,con_set_color_raw_7aa06,33,1,0,__watcall
0007aa27,con_clearscreen_gfx_7aa27,207,0,2,__watcall
0007ab7e,con_fill_cell_bg_gfx_7ab7e,125,3,6,__watcall
0007abfb,con_clear_text_rows_7abfb,177,1,0,__watcall
0007acac,con_imagesize_7acac,75,0,1,__watcall
0007ad40,con_image_row_bytes_7ad40,68,1,0,__watcall
0007ad84,gfx_get_ptr_a4690_7ad84,6,2,0,__watcall
0007ad8a,svga_detect_chipset_7ad8a,921,1,3,__watcall
0007b123,con_clip_outcode_7b123,74,1,0,__watcall
0007b16d,con_clip_line_step_7b16d,104,1,0,__watcall
0007b1d5,con_clip_rect_cs_7b1d5,348,2,2,__watcall
0007b331,con_clip_snap_to_edge_7b331,76,0,0,__watcall
0007b408,con_gen_glyph_blitter_7b408,437,1,1,__watcall
0007b5bd,con_get_fill_mask_7b5bd,47,1,0,__watcall
0007b5ec,con_set_fill_mask_7b5ec,121,1,0,__watcall
0007b665,con_fill_rows_7b665,87,1,3,__watcall
0007b6bc,con_remapallpalette_vga_7b6bc,163,0,3,__watcall
0007b75f,dos_alloc_realmode_mem_7b75f,155,2,0,__watcall
0007b7fa,dos_free_realmode_mem_7b7fa,46,2,0,__watcall
0007b828,dos_realmode_int_7b828,180,2,1,__watcall
0007b8dc,con_fill_scanline_7b8dc,183,1,0,__watcall
