address,name,comment
# Generated by gennames.py from the class/model handler tables at 0x943da (see docs/ENGINE.md). Curated names in carpet_names.csv are applied after this file and win on conflict.
0x00011de0,player_ai_wizard_s1_update_11de0,"Thing update handler (Table A): class 3 Player, state (+0x46) 1. Table A is *(int*)(0x943da+class*0x12)."
0x00018050,creature_segment_s120_update_18050,"Thing update handler (Table A): class 5 Creature, state (+0x46) 120. Table A is *(int*)(0x943da+class*0x12)."
0x00019b70,creature_dragon_s0_update_19b70,"Thing update handler (Table A): class 5 Creature, state (+0x46) 0. Table A is *(int*)(0x943da+class*0x12)."
0x00019b80,creature_dragon_s1_update_19b80,"Thing update handler (Table A): class 5 Creature, state (+0x46) 1. Table A is *(int*)(0x943da+class*0x12)."
0x00019ba0,creature_dragon_s2_update_19ba0,"Thing update handler (Table A): class 5 Creature, state (+0x46) 2. Table A is *(int*)(0x943da+class*0x12)."
0x00019bf0,creature_dragon_s3_update_19bf0,"Thing update handler (Table A): class 5 Creature, state (+0x46) 3. Table A is *(int*)(0x943da+class*0x12)."
0x00019c10,creature_dragon_s4_update_19c10,"Thing update handler (Table A): class 5 Creature, state (+0x46) 4. Table A is *(int*)(0x943da+class*0x12)."
0x00019c20,creature_dragon_s5_update_19c20,"Thing update handler (Table A): class 5 Creature, state (+0x46) 5. Table A is *(int*)(0x943da+class*0x12)."
0x00019c70,creature_vulture_s6_update_19c70,"Thing update handler (Table A): class 5 Creature, state (+0x46) 6. Table A is *(int*)(0x943da+class*0x12)."
0x00019d10,creature_vulture_s7_update_19d10,"Thing update handler (Table A): class 5 Creature, state (+0x46) 7. Table A is *(int*)(0x943da+class*0x12)."
0x00019de0,creature_vulture_s8_update_19de0,"Thing update handler (Table A): class 5 Creature, state (+0x46) 8. Table A is *(int*)(0x943da+class*0x12)."
0x00019e30,creature_vulture_s9_update_19e30,"Thing update handler (Table A): class 5 Creature, state (+0x46) 9. Table A is *(int*)(0x943da+class*0x12)."
0x00019e40,creature_vulture_s10_update_19e40,"Thing update handler (Table A): class 5 Creature, state (+0x46) 10. Table A is *(int*)(0x943da+class*0x12)."
0x00019e50,creature_vulture_s11_update_19e50,"Thing update handler (Table A): class 5 Creature, state (+0x46) 11. Table A is *(int*)(0x943da+class*0x12)."
0x00019e60,creature_bee_s12_update_19e60,"Thing update handler (Table A): class 5 Creature, state (+0x46) 12. Table A is *(int*)(0x943da+class*0x12)."
0x00019e80,creature_bee_s13_update_19e80,"Thing update handler (Table A): class 5 Creature, state (+0x46) 13. Table A is *(int*)(0x943da+class*0x12)."
0x00019ed0,creature_bee_s14_update_19ed0,"Thing update handler (Table A): class 5 Creature, state (+0x46) 14. Table A is *(int*)(0x943da+class*0x12)."
0x00019fd0,creature_bee_s15_update_19fd0,"Thing update handler (Table A): class 5 Creature, state (+0x46) 15. Table A is *(int*)(0x943da+class*0x12)."
0x00019ff0,creature_bee_s16_update_19ff0,"Thing update handler (Table A): class 5 Creature, state (+0x46) 16. Table A is *(int*)(0x943da+class*0x12)."
0x0001a000,creature_bee_s17_update_1a000,"Thing update handler (Table A): class 5 Creature, state (+0x46) 17. Table A is *(int*)(0x943da+class*0x12)."
0x0001a010,creature_worm_s18_update_1a010,"Thing update handler (Table A): class 5 Creature, state (+0x46) 18. Table A is *(int*)(0x943da+class*0x12)."
0x0001a020,creature_worm_s19_update_1a020,"Thing update handler (Table A): class 5 Creature, state (+0x46) 19. Table A is *(int*)(0x943da+class*0x12)."
0x0001a030,creature_worm_s20_update_1a030,"Thing update handler (Table A): class 5 Creature, state (+0x46) 20. Table A is *(int*)(0x943da+class*0x12)."
0x0001a080,creature_worm_s21_update_1a080,"Thing update handler (Table A): class 5 Creature, state (+0x46) 21. Table A is *(int*)(0x943da+class*0x12)."
0x0001a090,creature_worm_s22_update_1a090,"Thing update handler (Table A): class 5 Creature, state (+0x46) 22. Table A is *(int*)(0x943da+class*0x12)."
0x0001a0a0,creature_worm_s23_update_1a0a0,"Thing update handler (Table A): class 5 Creature, state (+0x46) 23. Table A is *(int*)(0x943da+class*0x12)."
0x0001a0b0,creature_archer_s24_update_1a0b0,"Thing update handler (Table A): class 5 Creature, state (+0x46) 24. Table A is *(int*)(0x943da+class*0x12)."
0x0001a0e0,creature_archer_s25_update_1a0e0,"Thing update handler (Table A): class 5 Creature, state (+0x46) 25. Table A is *(int*)(0x943da+class*0x12)."
0x0001a630,creature_archer_s26_update_1a630,"Thing update handler (Table A): class 5 Creature, state (+0x46) 26. Table A is *(int*)(0x943da+class*0x12)."
0x0001a6f0,creature_archer_s27_update_1a6f0,"Thing update handler (Table A): class 5 Creature, state (+0x46) 27. Table A is *(int*)(0x943da+class*0x12)."
0x0001a720,creature_archer_s28_update_1a720,"Thing update handler (Table A): class 5 Creature, state (+0x46) 28. Table A is *(int*)(0x943da+class*0x12)."
0x0001a750,creature_archer_s29_update_1a750,"Thing update handler (Table A): class 5 Creature, state (+0x46) 29. Table A is *(int*)(0x943da+class*0x12)."
0x0001a820,creature_crab_s30_update_1a820,"Thing update handler (Table A): class 5 Creature, state (+0x46) 30. Table A is *(int*)(0x943da+class*0x12)."
0x0001a830,creature_crab_s31_update_1a830,"Thing update handler (Table A): class 5 Creature, state (+0x46) 31. Table A is *(int*)(0x943da+class*0x12)."
0x0001ac20,creature_crab_s32_update_1ac20,"Thing update handler (Table A): class 5 Creature, state (+0x46) 32. Table A is *(int*)(0x943da+class*0x12)."
0x0001ac80,creature_crab_s33_update_1ac80,"Thing update handler (Table A): class 5 Creature, state (+0x46) 33. Table A is *(int*)(0x943da+class*0x12)."
0x0001aed0,creature_crab_s34_update_1aed0,"Thing update handler (Table A): class 5 Creature, state (+0x46) 34. Table A is *(int*)(0x943da+class*0x12)."
0x0001aee0,creature_crab_s35_update_1aee0,"Thing update handler (Table A): class 5 Creature, state (+0x46) 35. Table A is *(int*)(0x943da+class*0x12)."
0x0001afa0,creature_kraken_s36_update_1afa0,"Thing update handler (Table A): class 5 Creature, state (+0x46) 36. Table A is *(int*)(0x943da+class*0x12)."
0x0001afb0,creature_kraken_s37_update_1afb0,"Thing update handler (Table A): class 5 Creature, state (+0x46) 37. Table A is *(int*)(0x943da+class*0x12)."
0x0001b000,creature_kraken_s38_update_1b000,"Thing update handler (Table A): class 5 Creature, state (+0x46) 38. Table A is *(int*)(0x943da+class*0x12)."
0x0001b390,creature_kraken_s39_update_1b390,"Thing update handler (Table A): class 5 Creature, state (+0x46) 39. Table A is *(int*)(0x943da+class*0x12)."
0x0001b3e0,creature_kraken_s40_update_1b3e0,"Thing update handler (Table A): class 5 Creature, state (+0x46) 40. Table A is *(int*)(0x943da+class*0x12)."
0x0001b3f0,creature_kraken_s41_update_1b3f0,"Thing update handler (Table A): class 5 Creature, state (+0x46) 41. Table A is *(int*)(0x943da+class*0x12)."
0x0001b400,creature_troll_s42_update_1b400,"Thing update handler (Table A): class 5 Creature, state (+0x46) 42. Table A is *(int*)(0x943da+class*0x12)."
0x0001b410,creature_troll_s43_update_1b410,"Thing update handler (Table A): class 5 Creature, state (+0x46) 43. Table A is *(int*)(0x943da+class*0x12)."
0x0001b470,creature_troll_s44_update_1b470,"Thing update handler (Table A): class 5 Creature, state (+0x46) 44. Table A is *(int*)(0x943da+class*0x12)."
0x0001b510,creature_troll_s45_update_1b510,"Thing update handler (Table A): class 5 Creature, state (+0x46) 45. Table A is *(int*)(0x943da+class*0x12)."
0x0001b530,creature_troll_s46_update_1b530,"Thing update handler (Table A): class 5 Creature, state (+0x46) 46. Table A is *(int*)(0x943da+class*0x12)."
0x0001b540,creature_troll_s47_update_1b540,"Thing update handler (Table A): class 5 Creature, state (+0x46) 47. Table A is *(int*)(0x943da+class*0x12)."
0x0001b550,creature_griffon_s48_update_1b550,"Thing update handler (Table A): class 5 Creature, state (+0x46) 48. Table A is *(int*)(0x943da+class*0x12)."
0x0001b560,creature_griffon_s49_update_1b560,"Thing update handler (Table A): class 5 Creature, state (+0x46) 49. Table A is *(int*)(0x943da+class*0x12)."
0x0001b940,creature_griffon_s50_update_1b940,"Thing update handler (Table A): class 5 Creature, state (+0x46) 50. Table A is *(int*)(0x943da+class*0x12)."
0x0001ba60,creature_griffon_s51_update_1ba60,"Thing update handler (Table A): class 5 Creature, state (+0x46) 51. Table A is *(int*)(0x943da+class*0x12)."
0x0001ba70,creature_griffon_s52_update_1ba70,"Thing update handler (Table A): class 5 Creature, state (+0x46) 52. Table A is *(int*)(0x943da+class*0x12)."
0x0001baf0,creature_griffon_s53_update_1baf0,"Thing update handler (Table A): class 5 Creature, state (+0x46) 53. Table A is *(int*)(0x943da+class*0x12)."
0x0001bb00,creature_skeleton_s54_update_1bb00,"Thing update handler (Table A): class 5 Creature, state (+0x46) 54. Table A is *(int*)(0x943da+class*0x12)."
0x0001bb70,creature_skeleton_s55_update_1bb70,"Thing update handler (Table A): class 5 Creature, state (+0x46) 55. Table A is *(int*)(0x943da+class*0x12)."
0x0001c570,creature_skeleton_s56_update_1c570,"Thing update handler (Table A): class 5 Creature, state (+0x46) 56. Table A is *(int*)(0x943da+class*0x12)."
0x0001c790,creature_skeleton_s57_update_1c790,"Thing update handler (Table A): class 5 Creature, state (+0x46) 57. Table A is *(int*)(0x943da+class*0x12)."
0x0001c7c0,creature_skeleton_s58_update_1c7c0,"Thing update handler (Table A): class 5 Creature, state (+0x46) 58. Table A is *(int*)(0x943da+class*0x12)."
0x0001c7d0,creature_skeleton_s59_update_1c7d0,"Thing update handler (Table A): class 5 Creature, state (+0x46) 59. Table A is *(int*)(0x943da+class*0x12)."
0x0001c8e0,creature_emu_s60_update_1c8e0,"Thing update handler (Table A): class 5 Creature, state (+0x46) 60. Table A is *(int*)(0x943da+class*0x12)."
0x0001c8f0,creature_emu_s61_update_1c8f0,"Thing update handler (Table A): class 5 Creature, state (+0x46) 61. Table A is *(int*)(0x943da+class*0x12)."
0x0001c900,creature_emu_s62_update_1c900,"Thing update handler (Table A): class 5 Creature, state (+0x46) 62. Table A is *(int*)(0x943da+class*0x12)."
0x0001c920,creature_emu_s63_update_1c920,"Thing update handler (Table A): class 5 Creature, state (+0x46) 63. Table A is *(int*)(0x943da+class*0x12)."
0x0001c930,creature_emu_s64_update_1c930,"Thing update handler (Table A): class 5 Creature, state (+0x46) 64. Table A is *(int*)(0x943da+class*0x12)."
0x0001c940,creature_emu_s65_update_1c940,"Thing update handler (Table A): class 5 Creature, state (+0x46) 65. Table A is *(int*)(0x943da+class*0x12)."
0x0001c950,creature_genie_s66_update_1c950,"Thing update handler (Table A): class 5 Creature, state (+0x46) 66. Table A is *(int*)(0x943da+class*0x12)."
0x0001caf0,creature_genie_s67_update_1caf0,"Thing update handler (Table A): class 5 Creature, state (+0x46) 67. Table A is *(int*)(0x943da+class*0x12)."
0x0001ce80,creature_genie_s68_update_1ce80,"Thing update handler (Table A): class 5 Creature, state (+0x46) 68. Table A is *(int*)(0x943da+class*0x12)."
0x0001d1f0,creature_genie_s69_update_1d1f0,"Thing update handler (Table A): class 5 Creature, state (+0x46) 69. Table A is *(int*)(0x943da+class*0x12)."
0x0001d200,creature_genie_s70_update_1d200,"Thing update handler (Table A): class 5 Creature, state (+0x46) 70. Table A is *(int*)(0x943da+class*0x12)."
0x0001d210,creature_genie_s71_update_1d210,"Thing update handler (Table A): class 5 Creature, state (+0x46) 71. Table A is *(int*)(0x943da+class*0x12)."
0x0001d540,creature_builder_s72_update_1d540,"Thing update handler (Table A): class 5 Creature, state (+0x46) 72. Table A is *(int*)(0x943da+class*0x12)."
0x0001d9d0,creature_builder_s73_update_1d9d0,"Thing update handler (Table A): class 5 Creature, state (+0x46) 73. Table A is *(int*)(0x943da+class*0x12)."
0x0001dc20,creature_builder_s74_update_1dc20,"Thing update handler (Table A): class 5 Creature, state (+0x46) 74. Table A is *(int*)(0x943da+class*0x12)."
0x0001de90,creature_builder_s75_update_1de90,"Thing update handler (Table A): class 5 Creature, state (+0x46) 75. Table A is *(int*)(0x943da+class*0x12)."
0x0001e0a0,creature_builder_s76_update_1e0a0,"Thing update handler (Table A): class 5 Creature, state (+0x46) 76. Table A is *(int*)(0x943da+class*0x12)."
0x0001e0b0,creature_builder_s77_update_1e0b0,"Thing update handler (Table A): class 5 Creature, state (+0x46) 77. Table A is *(int*)(0x943da+class*0x12)."
0x0001e130,creature_townie_s78_update_1e130,"Thing update handler (Table A): class 5 Creature, state (+0x46) 78. Table A is *(int*)(0x943da+class*0x12)."
0x0001e140,creature_townie_s79_update_1e140,"Thing update handler (Table A): class 5 Creature, state (+0x46) 79. Table A is *(int*)(0x943da+class*0x12)."
0x0001e4f0,creature_update_shared_1e4f0,"Shared update handler for class 5 (Creature) states [80, 81]."
0x0001e500,creature_townie_s82_update_1e500,"Thing update handler (Table A): class 5 Creature, state (+0x46) 82. Table A is *(int*)(0x943da+class*0x12)."
0x0001e5a0,creature_townie_s83_update_1e5a0,"Thing update handler (Table A): class 5 Creature, state (+0x46) 83. Table A is *(int*)(0x943da+class*0x12)."
0x0001e5b0,creature_trader_s84_update_1e5b0,"Thing update handler (Table A): class 5 Creature, state (+0x46) 84. Table A is *(int*)(0x943da+class*0x12)."
0x0001e5c0,creature_trader_s85_update_1e5c0,"Thing update handler (Table A): class 5 Creature, state (+0x46) 85. Table A is *(int*)(0x943da+class*0x12)."
0x0001e980,creature_update_shared_1e980,"Shared update handler for class 5 (Creature) states [86, 87]."
0x0001e990,creature_trader_s88_update_1e990,"Thing update handler (Table A): class 5 Creature, state (+0x46) 88. Table A is *(int*)(0x943da+class*0x12)."
0x0001e9c0,creature_trader_s89_update_1e9c0,"Thing update handler (Table A): class 5 Creature, state (+0x46) 89. Table A is *(int*)(0x943da+class*0x12)."
0x0001ea50,creature_type15_s90_update_1ea50,"Thing update handler (Table A): class 5 Creature, state (+0x46) 90. Table A is *(int*)(0x943da+class*0x12)."
0x0001ea60,creature_type15_s91_update_1ea60,"Thing update handler (Table A): class 5 Creature, state (+0x46) 91. Table A is *(int*)(0x943da+class*0x12)."
0x0001ecd0,creature_type15_s92_update_1ecd0,"Thing update handler (Table A): class 5 Creature, state (+0x46) 92. Table A is *(int*)(0x943da+class*0x12)."
0x0001eee0,creature_type15_s93_update_1eee0,"Thing update handler (Table A): class 5 Creature, state (+0x46) 93. Table A is *(int*)(0x943da+class*0x12)."
0x0001eef0,creature_type15_s94_update_1eef0,"Thing update handler (Table A): class 5 Creature, state (+0x46) 94. Table A is *(int*)(0x943da+class*0x12)."
0x0001ef00,creature_type15_s95_update_1ef00,"Thing update handler (Table A): class 5 Creature, state (+0x46) 95. Table A is *(int*)(0x943da+class*0x12)."
0x0001f200,creature_wyvern_s96_update_1f200,"Thing update handler (Table A): class 5 Creature, state (+0x46) 96. Table A is *(int*)(0x943da+class*0x12)."
0x0001f210,creature_wyvern_s97_update_1f210,"Thing update handler (Table A): class 5 Creature, state (+0x46) 97. Table A is *(int*)(0x943da+class*0x12)."
0x0001f2e0,creature_wyvern_s98_update_1f2e0,"Thing update handler (Table A): class 5 Creature, state (+0x46) 98. Table A is *(int*)(0x943da+class*0x12)."
0x0001f660,creature_wyvern_s99_update_1f660,"Thing update handler (Table A): class 5 Creature, state (+0x46) 99. Table A is *(int*)(0x943da+class*0x12)."
0x0001f670,creature_wyvern_s100_update_1f670,"Thing update handler (Table A): class 5 Creature, state (+0x46) 100. Table A is *(int*)(0x943da+class*0x12)."
0x0001f680,creature_wyvern_s101_update_1f680,"Thing update handler (Table A): class 5 Creature, state (+0x46) 101. Table A is *(int*)(0x943da+class*0x12)."
0x0001f690,creature_update_shared_1f690,"Shared update handler for class 5 (Creature) states [102, 103, 104, 105, 106, 107]."
0x0001f6a0,creature_update_shared_1f6a0,"Shared update handler for class 5 (Creature) states [108, 109, 110, 111, 112, 113]."
0x0001f6b0,creature_update_shared_1f6b0,"Shared update handler for class 5 (Creature) states [114, 115, 116, 117, 118, 119]."
0x000238b0,effect_explosion_s0_update_238b0,"Thing update handler (Table A): class 10 Effect, state (+0x46) 0. Table A is *(int*)(0x943da+class*0x12)."
0x00023a80,effect_big_explosion_s1_update_23a80,"Thing update handler (Table A): class 10 Effect, state (+0x46) 1. Table A is *(int*)(0x943da+class*0x12)."
0x00023c00,effect_type2_s2_update_23c00,"Thing update handler (Table A): class 10 Effect, state (+0x46) 2. Table A is *(int*)(0x943da+class*0x12)."
0x00023c20,effect_fire_s6_update_23c20,"Thing update handler (Table A): class 10 Effect, state (+0x46) 6. Table A is *(int*)(0x943da+class*0x12)."
0x00023d30,effect_update_shared_23d30,"Shared update handler for class 10 (Effect) states [7, 8, 30, 31, 33, 54]."
0x00023d40,effect_type3_s3_update_23d40,"Thing update handler (Table A): class 10 Effect, state (+0x46) 3. Table A is *(int*)(0x943da+class*0x12)."
0x00023d60,effect_splash_s5_update_23d60,"Thing update handler (Table A): class 10 Effect, state (+0x46) 5. Table A is *(int*)(0x943da+class*0x12)."
0x00023dc0,effect_volcano_s9_update_23dc0,"Thing update handler (Table A): class 10 Effect, state (+0x46) 9. Table A is *(int*)(0x943da+class*0x12)."
0x00023ec0,effect_type10_s10_update_23ec0,"Thing update handler (Table A): class 10 Effect, state (+0x46) 10. Table A is *(int*)(0x943da+class*0x12)."
0x00023fc0,effect_crater_s11_update_23fc0,"Thing update handler (Table A): class 10 Effect, state (+0x46) 11. Table A is *(int*)(0x943da+class*0x12)."
0x000240b0,effect_type12_s12_update_240b0,"Thing update handler (Table A): class 10 Effect, state (+0x46) 12. Table A is *(int*)(0x943da+class*0x12)."
0x00024100,effect_white_smoke_s13_update_24100,"Thing update handler (Table A): class 10 Effect, state (+0x46) 13. Table A is *(int*)(0x943da+class*0x12)."
0x000241f0,effect_black_smoke_s14_update_241f0,"Thing update handler (Table A): class 10 Effect, state (+0x46) 14. Table A is *(int*)(0x943da+class*0x12)."
0x000242d0,effect_type4_s4_update_242d0,"Thing update handler (Table A): class 10 Effect, state (+0x46) 4. Table A is *(int*)(0x943da+class*0x12)."
0x000242e0,effect_earthquake_s15_update_242e0,"Thing update handler (Table A): class 10 Effect, state (+0x46) 15. Table A is *(int*)(0x943da+class*0x12)."
0x000243b0,effect_type16_s16_update_243b0,"Thing update handler (Table A): class 10 Effect, state (+0x46) 16. Table A is *(int*)(0x943da+class*0x12)."
0x00024630,effect_meteor_s17_update_24630,"Thing update handler (Table A): class 10 Effect, state (+0x46) 17. Table A is *(int*)(0x943da+class*0x12)."
0x00024810,effect_type18_s18_update_24810,"Thing update handler (Table A): class 10 Effect, state (+0x46) 18. Table A is *(int*)(0x943da+class*0x12)."
0x00024a90,effect_type19_s19_update_24a90,"Thing update handler (Table A): class 10 Effect, state (+0x46) 19. Table A is *(int*)(0x943da+class*0x12)."
0x00024c10,effect_update_shared_24c10,"Shared update handler for class 10 (Effect) states [20, 21, 22]."
0x00024c20,effect_lightning_s23_update_24c20,"Thing update handler (Table A): class 10 Effect, state (+0x46) 23. Table A is *(int*)(0x943da+class*0x12)."
0x00024ca0,effect_rain_of_fire_s24_update_24ca0,"Thing update handler (Table A): class 10 Effect, state (+0x46) 24. Table A is *(int*)(0x943da+class*0x12)."
0x00024cb0,effect_steal_mana_s25_update_24cb0,"Thing update handler (Table A): class 10 Effect, state (+0x46) 25. Table A is *(int*)(0x943da+class*0x12)."
0x00024d10,effect_type26_s26_update_24d10,"Thing update handler (Table A): class 10 Effect, state (+0x46) 26. Table A is *(int*)(0x943da+class*0x12)."
0x00024eb0,effect_type27_s28_update_24eb0,"Thing update handler (Table A): class 10 Effect, state (+0x46) 28. Table A is *(int*)(0x943da+class*0x12)."
0x00024fc0,effect_type27_s27_update_24fc0,"Thing update handler (Table A): class 10 Effect, state (+0x46) 27. Table A is *(int*)(0x943da+class*0x12)."
0x000250b0,effect_type27_s29_update_250b0,"Thing update handler (Table A): class 10 Effect, state (+0x46) 29. Table A is *(int*)(0x943da+class*0x12)."
0x000251e0,effect_type30_s32_update_251e0,"Thing update handler (Table A): class 10 Effect, state (+0x46) 32. Table A is *(int*)(0x943da+class*0x12)."
0x00025270,effect_type32_s34_update_25270,"Thing update handler (Table A): class 10 Effect, state (+0x46) 34. Table A is *(int*)(0x943da+class*0x12)."
0x000252f0,effect_type51_s55_update_252f0,"Thing update handler (Table A): class 10 Effect, state (+0x46) 55. Table A is *(int*)(0x943da+class*0x12)."
0x000253b0,effect_teleport_s36_update_253b0,"Thing update handler (Table A): class 10 Effect, state (+0x46) 36. Table A is *(int*)(0x943da+class*0x12)."
0x00025550,effect_type35_s37_update_25550,"Thing update handler (Table A): class 10 Effect, state (+0x46) 37. Table A is *(int*)(0x943da+class*0x12)."
0x00025630,effect_type33_s35_update_25630,"Thing update handler (Table A): class 10 Effect, state (+0x46) 35. Table A is *(int*)(0x943da+class*0x12)."
0x00025670,effect_type38_s40_update_25670,"Thing update handler (Table A): class 10 Effect, state (+0x46) 40. Table A is *(int*)(0x943da+class*0x12)."
0x000257e0,effect_type36_s38_update_257e0,"Thing update handler (Table A): class 10 Effect, state (+0x46) 38. Table A is *(int*)(0x943da+class*0x12)."
0x00025980,effect_mana_ball_s41_update_25980,"Thing update handler (Table A): class 10 Effect, state (+0x46) 41. Table A is *(int*)(0x943da+class*0x12)."
0x00025f10,effect_type40_s42_update_25f10,"Thing update handler (Table A): class 10 Effect, state (+0x46) 42. Table A is *(int*)(0x943da+class*0x12)."
0x00026680,effect_update_shared_26680,"Shared update handler for class 10 (Effect) states [48, 51]."
0x00026b50,effect_type41_s43_update_26b50,"Thing update handler (Table A): class 10 Effect, state (+0x46) 43. Table A is *(int*)(0x943da+class*0x12)."
0x00026f10,effect_type42_s44_update_26f10,"Thing update handler (Table A): class 10 Effect, state (+0x46) 44. Table A is *(int*)(0x943da+class*0x12)."
0x00027710,effect_wizard_s52_update_27710,"Thing update handler (Table A): class 10 Effect, state (+0x46) 52. Table A is *(int*)(0x943da+class*0x12)."
0x00027930,effect_wizard_s53_update_27930,"Thing update handler (Table A): class 10 Effect, state (+0x46) 53. Table A is *(int*)(0x943da+class*0x12)."
0x00027d20,effect_type43_s45_update_27d20,"Thing update handler (Table A): class 10 Effect, state (+0x46) 45. Table A is *(int*)(0x943da+class*0x12)."
0x00027e90,effect_type44_s46_update_27e90_disabled,"Thing update handler (Table A): class 10 Effect, state (+0x46) 46. Table A is *(int*)(0x943da+class*0x12). enabled=0 in table."
0x00027ff0,effect_crab_egg_s56_update_27ff0,"Thing update handler (Table A): class 10 Effect, state (+0x46) 56. Table A is *(int*)(0x943da+class*0x12)."
0x00028050,effect_crab_egg_s57_update_28050,"Thing update handler (Table A): class 10 Effect, state (+0x46) 57. Table A is *(int*)(0x943da+class*0x12)."
0x000280d0,effect_type53_s58_update_280d0,"Thing update handler (Table A): class 10 Effect, state (+0x46) 58. Table A is *(int*)(0x943da+class*0x12)."
0x00028270,effect_type54_s59_update_28270,"Thing update handler (Table A): class 10 Effect, state (+0x46) 59. Table A is *(int*)(0x943da+class*0x12)."
0x00028320,effect_type55_s60_update_28320,"Thing update handler (Table A): class 10 Effect, state (+0x46) 60. Table A is *(int*)(0x943da+class*0x12)."
0x000284c0,effect_type56_s61_update_284c0,"Thing update handler (Table A): class 10 Effect, state (+0x46) 61. Table A is *(int*)(0x943da+class*0x12)."
0x000303e0,class6_update_shared_303e0,"Shared update handler for class 6 (?) states [0, 1]."
0x000359c0,player_create_flyer1_359c0,"Thing constructor (Table B): class 3 Player, type/model 4. Table B for a class is *(int*)(0x943de+class*0x12), 14-byte records."
0x000359e0,player_create_flyer2_359e0,"Thing constructor (Table B): class 3 Player, type/model 5. Table B for a class is *(int*)(0x943de+class*0x12), 14-byte records."
0x00035a00,player_create_flyer3_35a00,"Thing constructor (Table B): class 3 Player, type/model 6. Table B for a class is *(int*)(0x943de+class*0x12), 14-byte records."
0x00035a20,player_create_flyer4_35a20,"Thing constructor (Table B): class 3 Player, type/model 7. Table B for a class is *(int*)(0x943de+class*0x12), 14-byte records."
0x00035a40,player_create_flyer5_35a40,"Thing constructor (Table B): class 3 Player, type/model 8. Table B for a class is *(int*)(0x943de+class*0x12), 14-byte records."
0x00035a60,player_create_flyer6_7_35a60,"Thing constructor (Table B): class 3 Player, type/model 9. Table B for a class is *(int*)(0x943de+class*0x12), 14-byte records."
0x00035a80,player_create_flyer8_35a80,"Thing constructor (Table B): class 3 Player, type/model 10. Table B for a class is *(int*)(0x943de+class*0x12), 14-byte records."
0x00035aa0,player_create_flyer6_7_35aa0,"Thing constructor (Table B): class 3 Player, type/model 11. Table B for a class is *(int*)(0x943de+class*0x12), 14-byte records."
0x00035ac0,player_create_type0_35ac0,"Thing constructor (Table B): class 3 Player, type/model 0. Table B for a class is *(int*)(0x943de+class*0x12), 14-byte records."
0x00035b40,player_create_type1_35b40,"Thing constructor (Table B): class 3 Player, type/model 1. Table B for a class is *(int*)(0x943de+class*0x12), 14-byte records."
0x00035bc0,player_create_type2_35bc0,"Thing constructor (Table B): class 3 Player, type/model 2. Table B for a class is *(int*)(0x943de+class*0x12), 14-byte records."
0x00035ca0,player_create_type3_35ca0,"Thing constructor (Table B): class 3 Player, type/model 3. Table B for a class is *(int*)(0x943de+class*0x12), 14-byte records."
0x00035d20,class1_create_type1_35d20,"Thing constructor (Table B): class 1 ?, type/model 1. Table B for a class is *(int*)(0x943de+class*0x12), 14-byte records."
0x00035d40,class1_create_type2_35d40,"Thing constructor (Table B): class 1 ?, type/model 2. Table B for a class is *(int*)(0x943de+class*0x12), 14-byte records."
0x00035d60,class1_create_type3_35d60,"Thing constructor (Table B): class 1 ?, type/model 3. Table B for a class is *(int*)(0x943de+class*0x12), 14-byte records."
0x00035d80,class1_create_type4_35d80,"Thing constructor (Table B): class 1 ?, type/model 4. Table B for a class is *(int*)(0x943de+class*0x12), 14-byte records."
0x00035da0,class1_create_type5_35da0,"Thing constructor (Table B): class 1 ?, type/model 5. Table B for a class is *(int*)(0x943de+class*0x12), 14-byte records."
0x00035dc0,class1_create_type6_35dc0,"Thing constructor (Table B): class 1 ?, type/model 6. Table B for a class is *(int*)(0x943de+class*0x12), 14-byte records."
0x00035de0,class1_create_type7_35de0,"Thing constructor (Table B): class 1 ?, type/model 7. Table B for a class is *(int*)(0x943de+class*0x12), 14-byte records."
0x00035e00,class1_create_type8_35e00,"Thing constructor (Table B): class 1 ?, type/model 8. Table B for a class is *(int*)(0x943de+class*0x12), 14-byte records."
0x00035e20,class1_create_type9_35e20,"Thing constructor (Table B): class 1 ?, type/model 9. Table B for a class is *(int*)(0x943de+class*0x12), 14-byte records."
0x00035e40,class1_create_type10_35e40,"Thing constructor (Table B): class 1 ?, type/model 10. Table B for a class is *(int*)(0x943de+class*0x12), 14-byte records."
0x00035e60,scenery_create_tree_35e60,"Thing constructor (Table B): class 2 Scenery, type/model 0. Table B for a class is *(int*)(0x943de+class*0x12), 14-byte records."
0x00035f90,scenery_create_standing_stone_35f90,"Thing constructor (Table B): class 2 Scenery, type/model 1. Table B for a class is *(int*)(0x943de+class*0x12), 14-byte records."
0x00036010,scenery_create_dolmen_36010,"Thing constructor (Table B): class 2 Scenery, type/model 2. Table B for a class is *(int*)(0x943de+class*0x12), 14-byte records."
0x000360a0,scenery_create_bad_stone_360a0,"Thing constructor (Table B): class 2 Scenery, type/model 3. Table B for a class is *(int*)(0x943de+class*0x12), 14-byte records."
0x00036120,scenery_create_2d_dome_36120,"Thing constructor (Table B): class 2 Scenery, type/model 4. Table B for a class is *(int*)(0x943de+class*0x12), 14-byte records."
0x00036190,scenery_create_2d_dome_36190,"Thing constructor (Table B): class 2 Scenery, type/model 5. Table B for a class is *(int*)(0x943de+class*0x12), 14-byte records."
0x000362d0,creature_create_dragon_362d0,"Thing constructor (Table B): class 5 Creature, type/model 0. Table B for a class is *(int*)(0x943de+class*0x12), 14-byte records."
0x00036510,creature_create_vulture_36510,"Thing constructor (Table B): class 5 Creature, type/model 1. Table B for a class is *(int*)(0x943de+class*0x12), 14-byte records."
0x00036610,creature_create_bee_36610,"Thing constructor (Table B): class 5 Creature, type/model 2. Table B for a class is *(int*)(0x943de+class*0x12), 14-byte records."
0x00036750,creature_create_worm_36750,"Thing constructor (Table B): class 5 Creature, type/model 3. Table B for a class is *(int*)(0x943de+class*0x12), 14-byte records."
0x00036980,creature_create_archer_36980,"Thing constructor (Table B): class 5 Creature, type/model 4. Table B for a class is *(int*)(0x943de+class*0x12), 14-byte records."
0x00036b30,creature_create_crab_36b30,"Thing constructor (Table B): class 5 Creature, type/model 5. Table B for a class is *(int*)(0x943de+class*0x12), 14-byte records."
0x00036c80,creature_create_kraken_36c80,"Thing constructor (Table B): class 5 Creature, type/model 6. Table B for a class is *(int*)(0x943de+class*0x12), 14-byte records."
0x00036f00,creature_create_troll_36f00,"Thing constructor (Table B): class 5 Creature, type/model 7. Table B for a class is *(int*)(0x943de+class*0x12), 14-byte records."
0x00037000,creature_create_griffon_37000,"Thing constructor (Table B): class 5 Creature, type/model 8. Table B for a class is *(int*)(0x943de+class*0x12), 14-byte records."
0x00037110,creature_create_skeleton_37110,"Thing constructor (Table B): class 5 Creature, type/model 9. Table B for a class is *(int*)(0x943de+class*0x12), 14-byte records."
0x00037260,creature_create_emu_37260,"Thing constructor (Table B): class 5 Creature, type/model 10. Table B for a class is *(int*)(0x943de+class*0x12), 14-byte records."
0x00037370,creature_create_genie_37370,"Thing constructor (Table B): class 5 Creature, type/model 11. Table B for a class is *(int*)(0x943de+class*0x12), 14-byte records."
0x000374a0,creature_create_builder_374a0,"Thing constructor (Table B): class 5 Creature, type/model 12. Table B for a class is *(int*)(0x943de+class*0x12), 14-byte records."
0x000375e0,creature_create_townie_375e0,"Thing constructor (Table B): class 5 Creature, type/model 13. Table B for a class is *(int*)(0x943de+class*0x12), 14-byte records."
0x00037730,creature_create_trader_37730,"Thing constructor (Table B): class 5 Creature, type/model 14. Table B for a class is *(int*)(0x943de+class*0x12), 14-byte records."
0x00037850,creature_create_type15_37850,"Thing constructor (Table B): class 5 Creature, type/model 15. Table B for a class is *(int*)(0x943de+class*0x12), 14-byte records."
0x00037980,creature_create_wyvern_37980,"Thing constructor (Table B): class 5 Creature, type/model 16. Table B for a class is *(int*)(0x943de+class*0x12), 14-byte records."
0x00037aa0,class6_create_type0_37aa0,"Thing constructor (Table B): class 6 ?, type/model 0. Table B for a class is *(int*)(0x943de+class*0x12), 14-byte records."
0x00037ac0,class6_create_type1_37ac0,"Thing constructor (Table B): class 6 ?, type/model 1. Table B for a class is *(int*)(0x943de+class*0x12), 14-byte records."
0x00037ae0,weather_create_type0_37ae0,"Thing constructor (Table B): class 7 Weather, type/model 0. Table B for a class is *(int*)(0x943de+class*0x12), 14-byte records."
0x00037b00,weather_create_type1_37b00,"Thing constructor (Table B): class 7 Weather, type/model 1. Table B for a class is *(int*)(0x943de+class*0x12), 14-byte records."
0x00037b20,weather_create_type2_37b20,"Thing constructor (Table B): class 7 Weather, type/model 2. Table B for a class is *(int*)(0x943de+class*0x12), 14-byte records."
0x00037b40,weather_create_type3_37b40,"Thing constructor (Table B): class 7 Weather, type/model 3. Table B for a class is *(int*)(0x943de+class*0x12), 14-byte records."
0x00037b60,weather_create_wind_37b60,"Thing constructor (Table B): class 7 Weather, type/model 4. Table B for a class is *(int*)(0x943de+class*0x12), 14-byte records."
0x00037be0,class8_create_type0_37be0,"Thing constructor (Table B): class 8 ?, type/model 0. Table B for a class is *(int*)(0x943de+class*0x12), 14-byte records."
0x00037c00,class8_create_type1_37c00,"Thing constructor (Table B): class 8 ?, type/model 1. Table B for a class is *(int*)(0x943de+class*0x12), 14-byte records."
0x00037c20,class8_create_type2_37c20,"Thing constructor (Table B): class 8 ?, type/model 2. Table B for a class is *(int*)(0x943de+class*0x12), 14-byte records."
0x00037c40,class8_create_type3_37c40,"Thing constructor (Table B): class 8 ?, type/model 3. Table B for a class is *(int*)(0x943de+class*0x12), 14-byte records."
0x00037c60,class8_create_type4_37c60,"Thing constructor (Table B): class 8 ?, type/model 4. Table B for a class is *(int*)(0x943de+class*0x12), 14-byte records."
0x00037c80,class8_create_type5_37c80,"Thing constructor (Table B): class 8 ?, type/model 5. Table B for a class is *(int*)(0x943de+class*0x12), 14-byte records."
0x00037ca0,effect_create_shared_37ca0,"Shared create handler for class 10 (Effect) types [20, 21, 22, 24]."
0x00037cb0,projectile_create_type0_37cb0,"Thing constructor (Table B): class 9 ?, type/model 0. Table B for a class is *(int*)(0x943de+class*0x12), 14-byte records."
0x00037d30,projectile_create_type1_37d30,"Thing constructor (Table B): class 9 ?, type/model 1. Table B for a class is *(int*)(0x943de+class*0x12), 14-byte records."
0x00037de0,projectile_create_type2_37de0,"Thing constructor (Table B): class 9 ?, type/model 2. Table B for a class is *(int*)(0x943de+class*0x12), 14-byte records."
0x00037e60,projectile_create_type3_37e60,"Thing constructor (Table B): class 9 ?, type/model 3. Table B for a class is *(int*)(0x943de+class*0x12), 14-byte records."
0x00037ee0,projectile_create_type4_37ee0,"Thing constructor (Table B): class 9 ?, type/model 4. Table B for a class is *(int*)(0x943de+class*0x12), 14-byte records."
0x00037f60,projectile_create_type5_37f60,"Thing constructor (Table B): class 9 ?, type/model 5. Table B for a class is *(int*)(0x943de+class*0x12), 14-byte records."
0x00037fe0,projectile_create_type6_37fe0,"Thing constructor (Table B): class 9 ?, type/model 6. Table B for a class is *(int*)(0x943de+class*0x12), 14-byte records."
0x00038060,projectile_create_type7_38060,"Thing constructor (Table B): class 9 ?, type/model 7. Table B for a class is *(int*)(0x943de+class*0x12), 14-byte records."
0x000380e0,projectile_create_type8_380e0,"Thing constructor (Table B): class 9 ?, type/model 8. Table B for a class is *(int*)(0x943de+class*0x12), 14-byte records."
0x00038160,projectile_create_type9_38160,"Thing constructor (Table B): class 9 ?, type/model 9. Table B for a class is *(int*)(0x943de+class*0x12), 14-byte records."
0x000381e0,projectile_create_type10_381e0,"Thing constructor (Table B): class 9 ?, type/model 10. Table B for a class is *(int*)(0x943de+class*0x12), 14-byte records."
0x00038260,projectile_create_type11_38260,"Thing constructor (Table B): class 9 ?, type/model 11. Table B for a class is *(int*)(0x943de+class*0x12), 14-byte records."
0x000382e0,projectile_create_type12_382e0,"Thing constructor (Table B): class 9 ?, type/model 12. Table B for a class is *(int*)(0x943de+class*0x12), 14-byte records."
0x00038360,projectile_create_type13_38360,"Thing constructor (Table B): class 9 ?, type/model 13. Table B for a class is *(int*)(0x943de+class*0x12), 14-byte records."
0x00038440,projectile_create_type14_38440,"Thing constructor (Table B): class 9 ?, type/model 14. Table B for a class is *(int*)(0x943de+class*0x12), 14-byte records."
0x000384b0,projectile_create_type15_384b0,"Thing constructor (Table B): class 9 ?, type/model 15. Table B for a class is *(int*)(0x943de+class*0x12), 14-byte records."
0x00038510,projectile_create_type16_38510,"Thing constructor (Table B): class 9 ?, type/model 16. Table B for a class is *(int*)(0x943de+class*0x12), 14-byte records."
0x00038590,projectile_create_type17_38590,"Thing constructor (Table B): class 9 ?, type/model 17. Table B for a class is *(int*)(0x943de+class*0x12), 14-byte records."
0x00038630,projectile_create_type18_38630,"Thing constructor (Table B): class 9 ?, type/model 18. Table B for a class is *(int*)(0x943de+class*0x12), 14-byte records."
0x000386b0,projectile_create_type19_386b0,"Thing constructor (Table B): class 9 ?, type/model 19. Table B for a class is *(int*)(0x943de+class*0x12), 14-byte records."
0x00038730,effect_create_explosion_38730,"Thing constructor (Table B): class 10 Effect, type/model 0. Table B for a class is *(int*)(0x943de+class*0x12), 14-byte records."
0x000387b0,effect_create_big_explosion_387b0,"Thing constructor (Table B): class 10 Effect, type/model 1. Table B for a class is *(int*)(0x943de+class*0x12), 14-byte records."
0x00038810,effect_create_type2_38810,"Thing constructor (Table B): class 10 Effect, type/model 2. Table B for a class is *(int*)(0x943de+class*0x12), 14-byte records."
0x00038870,effect_create_type3_38870,"Thing constructor (Table B): class 10 Effect, type/model 3. Table B for a class is *(int*)(0x943de+class*0x12), 14-byte records."
0x000388e0,effect_create_type4_388e0,"Thing constructor (Table B): class 10 Effect, type/model 4. Table B for a class is *(int*)(0x943de+class*0x12), 14-byte records."
0x00038950,effect_create_splash_38950,"Thing constructor (Table B): class 10 Effect, type/model 5. Table B for a class is *(int*)(0x943de+class*0x12), 14-byte records."
0x000389d0,effect_create_fire_389d0,"Thing constructor (Table B): class 10 Effect, type/model 6. Table B for a class is *(int*)(0x943de+class*0x12), 14-byte records."
0x00038a70,effect_create_type7_38a70,"Thing constructor (Table B): class 10 Effect, type/model 7. Table B for a class is *(int*)(0x943de+class*0x12), 14-byte records."
0x00038b10,effect_create_mini_volcano_38b10,"Thing constructor (Table B): class 10 Effect, type/model 8. Table B for a class is *(int*)(0x943de+class*0x12), 14-byte records."
0x00038b70,effect_create_volcano_38b70,"Thing constructor (Table B): class 10 Effect, type/model 9. Table B for a class is *(int*)(0x943de+class*0x12), 14-byte records."
0x00038bd0,effect_create_type10_38bd0,"Thing constructor (Table B): class 10 Effect, type/model 10. Table B for a class is *(int*)(0x943de+class*0x12), 14-byte records."
0x00038c40,effect_create_crater_38c40,"Thing constructor (Table B): class 10 Effect, type/model 11. Table B for a class is *(int*)(0x943de+class*0x12), 14-byte records."
0x00038cb0,effect_create_type12_38cb0,"Thing constructor (Table B): class 10 Effect, type/model 12. Table B for a class is *(int*)(0x943de+class*0x12), 14-byte records."
0x00038d40,effect_create_white_smoke_38d40,"Thing constructor (Table B): class 10 Effect, type/model 13. Table B for a class is *(int*)(0x943de+class*0x12), 14-byte records."
0x00038de0,effect_create_black_smoke_38de0,"Thing constructor (Table B): class 10 Effect, type/model 14. Table B for a class is *(int*)(0x943de+class*0x12), 14-byte records."
0x00038e80,effect_create_earthquake_38e80,"Thing constructor (Table B): class 10 Effect, type/model 15. Table B for a class is *(int*)(0x943de+class*0x12), 14-byte records."
0x00038f10,effect_create_meteor_38f10,"Thing constructor (Table B): class 10 Effect, type/model 17. Table B for a class is *(int*)(0x943de+class*0x12), 14-byte records."
0x00038f60,effect_create_type16_38f60,"Thing constructor (Table B): class 10 Effect, type/model 16. Table B for a class is *(int*)(0x943de+class*0x12), 14-byte records."
0x00039050,effect_create_type18_39050,"Thing constructor (Table B): class 10 Effect, type/model 18. Table B for a class is *(int*)(0x943de+class*0x12), 14-byte records."
0x000390a0,effect_create_type19_390a0,"Thing constructor (Table B): class 10 Effect, type/model 19. Table B for a class is *(int*)(0x943de+class*0x12), 14-byte records."
0x00039120,effect_create_lightning_39120,"Thing constructor (Table B): class 10 Effect, type/model 23. Table B for a class is *(int*)(0x943de+class*0x12), 14-byte records."
0x000391a0,effect_create_steal_mana_391a0,"Thing constructor (Table B): class 10 Effect, type/model 25. Table B for a class is *(int*)(0x943de+class*0x12), 14-byte records."
0x00039220,effect_create_type26_39220,"Thing constructor (Table B): class 10 Effect, type/model 26. Table B for a class is *(int*)(0x943de+class*0x12), 14-byte records."
0x000392a0,effect_create_type27_392a0,"Thing constructor (Table B): class 10 Effect, type/model 27. Table B for a class is *(int*)(0x943de+class*0x12), 14-byte records."
0x00039300,effect_create_wall_39300,"Thing constructor (Table B): class 10 Effect, type/model 28. Table B for a class is *(int*)(0x943de+class*0x12), 14-byte records."
0x00039360,effect_create_type30_39360,"Thing constructor (Table B): class 10 Effect, type/model 30. Table B for a class is *(int*)(0x943de+class*0x12), 14-byte records."
0x000393c0,effect_create_path_393c0,"Thing constructor (Table B): class 10 Effect, type/model 29. Table B for a class is *(int*)(0x943de+class*0x12), 14-byte records."
0x00039420,effect_create_type32_39420,"Thing constructor (Table B): class 10 Effect, type/model 32. Table B for a class is *(int*)(0x943de+class*0x12), 14-byte records."
0x00039470,effect_create_canyon_39470,"Thing constructor (Table B): class 10 Effect, type/model 31. Table B for a class is *(int*)(0x943de+class*0x12), 14-byte records."
0x000394d0,effect_create_type51_394d0,"Thing constructor (Table B): class 10 Effect, type/model 51. Table B for a class is *(int*)(0x943de+class*0x12), 14-byte records."
0x00039540,effect_create_ridge_node_39540,"Thing constructor (Table B): class 10 Effect, type/model 50. Table B for a class is *(int*)(0x943de+class*0x12), 14-byte records."
0x000395a0,effect_create_teleport_395a0,"Thing constructor (Table B): class 10 Effect, type/model 34. Table B for a class is *(int*)(0x943de+class*0x12), 14-byte records."
0x00039670,effect_create_type35_39670,"Thing constructor (Table B): class 10 Effect, type/model 35. Table B for a class is *(int*)(0x943de+class*0x12), 14-byte records."
0x00039680,effect_create_type36_39680,"Thing constructor (Table B): class 10 Effect, type/model 36. Table B for a class is *(int*)(0x943de+class*0x12), 14-byte records."
0x00039700,effect_create_type38_39700,"Thing constructor (Table B): class 10 Effect, type/model 38. Table B for a class is *(int*)(0x943de+class*0x12), 14-byte records."
0x00039770,effect_create_type33_39770,"Thing constructor (Table B): class 10 Effect, type/model 33. Table B for a class is *(int*)(0x943de+class*0x12), 14-byte records."
0x00039840,effect_create_mana_ball_39840,"Thing constructor (Table B): class 10 Effect, type/model 39. Table B for a class is *(int*)(0x943de+class*0x12), 14-byte records."
0x000398c0,effect_create_type40_398c0,"Thing constructor (Table B): class 10 Effect, type/model 40. Table B for a class is *(int*)(0x943de+class*0x12), 14-byte records."
0x00039930,effect_create_wizard_39930,"Thing constructor (Table B): class 10 Effect, type/model 45. Table B for a class is *(int*)(0x943de+class*0x12), 14-byte records."
0x00039990,effect_create_type43_39990,"Thing constructor (Table B): class 10 Effect, type/model 43. Table B for a class is *(int*)(0x943de+class*0x12), 14-byte records."
0x00039a00,effect_create_type41_39a00,"Thing constructor (Table B): class 10 Effect, type/model 41. Table B for a class is *(int*)(0x943de+class*0x12), 14-byte records."
0x00039a50,effect_create_type42_39a50,"Thing constructor (Table B): class 10 Effect, type/model 42. Table B for a class is *(int*)(0x943de+class*0x12), 14-byte records."
0x00039aa0,effect_create_type44_39aa0,"Thing constructor (Table B): class 10 Effect, type/model 44. Table B for a class is *(int*)(0x943de+class*0x12), 14-byte records."
0x00039b00,effect_create_crab_egg_39b00,"Thing constructor (Table B): class 10 Effect, type/model 52. Table B for a class is *(int*)(0x943de+class*0x12), 14-byte records."
0x00039b80,effect_create_type53_39b80,"Thing constructor (Table B): class 10 Effect, type/model 53. Table B for a class is *(int*)(0x943de+class*0x12), 14-byte records."
0x00039c10,effect_create_type54_39c10,"Thing constructor (Table B): class 10 Effect, type/model 54. Table B for a class is *(int*)(0x943de+class*0x12), 14-byte records."
0x00039ca0,effect_create_type55_39ca0,"Thing constructor (Table B): class 10 Effect, type/model 55. Table B for a class is *(int*)(0x943de+class*0x12), 14-byte records."
0x00039d30,effect_create_type56_39d30,"Thing constructor (Table B): class 10 Effect, type/model 56. Table B for a class is *(int*)(0x943de+class*0x12), 14-byte records."
0x00039e10,switch_create_hidden_inside_39e10,"Thing constructor (Table B): class 11 Switch, type/model 0. Table B for a class is *(int*)(0x943de+class*0x12), 14-byte records."
0x00039e30,switch_create_hidden_outside_39e30,"Thing constructor (Table B): class 11 Switch, type/model 1. Table B for a class is *(int*)(0x943de+class*0x12), 14-byte records."
0x00039e50,switch_create_hidden_inside_re_39e50,"Thing constructor (Table B): class 11 Switch, type/model 2. Table B for a class is *(int*)(0x943de+class*0x12), 14-byte records."
0x00039e70,switch_create_type3_39e70,"Thing constructor (Table B): class 11 Switch, type/model 3. Table B for a class is *(int*)(0x943de+class*0x12), 14-byte records."
0x00039e90,switch_create_on_victory_39e90,"Thing constructor (Table B): class 11 Switch, type/model 4. Table B for a class is *(int*)(0x943de+class*0x12), 14-byte records."
0x00039eb0,switch_create_death_inside_39eb0,"Thing constructor (Table B): class 11 Switch, type/model 5. Table B for a class is *(int*)(0x943de+class*0x12), 14-byte records."
0x00039ed0,switch_create_death_outside_39ed0,"Thing constructor (Table B): class 11 Switch, type/model 6. Table B for a class is *(int*)(0x943de+class*0x12), 14-byte records."
0x00039ef0,switch_create_death_inside_re_39ef0,"Thing constructor (Table B): class 11 Switch, type/model 7. Table B for a class is *(int*)(0x943de+class*0x12), 14-byte records."
0x00039f10,switch_create_type8_39f10,"Thing constructor (Table B): class 11 Switch, type/model 8. Table B for a class is *(int*)(0x943de+class*0x12), 14-byte records."
0x00039f30,switch_create_obvious_inside_39f30,"Thing constructor (Table B): class 11 Switch, type/model 9. Table B for a class is *(int*)(0x943de+class*0x12), 14-byte records."
0x00039f50,switch_create_obvious_outside_39f50,"Thing constructor (Table B): class 11 Switch, type/model 10. Table B for a class is *(int*)(0x943de+class*0x12), 14-byte records."
0x00039f70,switch_create_type11_39f70,"Thing constructor (Table B): class 11 Switch, type/model 11. Table B for a class is *(int*)(0x943de+class*0x12), 14-byte records."
0x00039f90,switch_create_type12_39f90,"Thing constructor (Table B): class 11 Switch, type/model 12. Table B for a class is *(int*)(0x943de+class*0x12), 14-byte records."
0x00039fb0,switch_create_dragon_trigger_39fb0,"Thing constructor (Table B): class 11 Switch, type/model 13. Table B for a class is *(int*)(0x943de+class*0x12), 14-byte records."
0x00039fd0,switch_create_type14_39fd0,"Thing constructor (Table B): class 11 Switch, type/model 14. Table B for a class is *(int*)(0x943de+class*0x12), 14-byte records."
0x00039ff0,switch_create_type15_39ff0,"Thing constructor (Table B): class 11 Switch, type/model 15. Table B for a class is *(int*)(0x943de+class*0x12), 14-byte records."
0x0003a010,switch_create_none_trigger_3a010,"Thing constructor (Table B): class 11 Switch, type/model 16. Table B for a class is *(int*)(0x943de+class*0x12), 14-byte records."
0x0003a030,switch_create_type17_3a030,"Thing constructor (Table B): class 11 Switch, type/model 17. Table B for a class is *(int*)(0x943de+class*0x12), 14-byte records."
0x0003a050,switch_create_crab_trigger_3a050,"Thing constructor (Table B): class 11 Switch, type/model 18. Table B for a class is *(int*)(0x943de+class*0x12), 14-byte records."
0x0003a070,switch_create_kraken_trigger_3a070,"Thing constructor (Table B): class 11 Switch, type/model 19. Table B for a class is *(int*)(0x943de+class*0x12), 14-byte records."
0x0003a090,switch_create_troll_trigger_3a090,"Thing constructor (Table B): class 11 Switch, type/model 20. Table B for a class is *(int*)(0x943de+class*0x12), 14-byte records."
0x0003a0b0,switch_create_type21_3a0b0,"Thing constructor (Table B): class 11 Switch, type/model 21. Table B for a class is *(int*)(0x943de+class*0x12), 14-byte records."
0x0003a0d0,switch_create_type22_3a0d0,"Thing constructor (Table B): class 11 Switch, type/model 22. Table B for a class is *(int*)(0x943de+class*0x12), 14-byte records."
0x0003a0f0,switch_create_type23_3a0f0,"Thing constructor (Table B): class 11 Switch, type/model 23. Table B for a class is *(int*)(0x943de+class*0x12), 14-byte records."
0x0003a110,switch_create_genie_trigger_3a110,"Thing constructor (Table B): class 11 Switch, type/model 24. Table B for a class is *(int*)(0x943de+class*0x12), 14-byte records."
0x0003a130,switch_create_type25_3a130,"Thing constructor (Table B): class 11 Switch, type/model 25. Table B for a class is *(int*)(0x943de+class*0x12), 14-byte records."
0x0003a150,switch_create_type26_3a150,"Thing constructor (Table B): class 11 Switch, type/model 26. Table B for a class is *(int*)(0x943de+class*0x12), 14-byte records."
0x0003a170,switch_create_type27_3a170,"Thing constructor (Table B): class 11 Switch, type/model 27. Table B for a class is *(int*)(0x943de+class*0x12), 14-byte records."
0x0003a190,switch_create_type28_3a190,"Thing constructor (Table B): class 11 Switch, type/model 28. Table B for a class is *(int*)(0x943de+class*0x12), 14-byte records."
0x0003a1b0,switch_create_type29_3a1b0,"Thing constructor (Table B): class 11 Switch, type/model 29. Table B for a class is *(int*)(0x943de+class*0x12), 14-byte records."
0x0003a1d0,switch_create_creature_all_3a1d0,"Thing constructor (Table B): class 11 Switch, type/model 30. Table B for a class is *(int*)(0x943de+class*0x12), 14-byte records."
0x0003a1f0,switch_create_type31_3a1f0,"Thing constructor (Table B): class 11 Switch, type/model 31. Table B for a class is *(int*)(0x943de+class*0x12), 14-byte records."
0x0003a2e0,spell_create_possession_3a2e0,"Thing constructor (Table B): class 12 Spell, type/model 3. Table B for a class is *(int*)(0x943de+class*0x12), 14-byte records."
0x0003a300,spell_create_castle_3a300,"Thing constructor (Table B): class 12 Spell, type/model 16. Table B for a class is *(int*)(0x943de+class*0x12), 14-byte records."
0x0003a330,spell_create_fireball_3a330,"Thing constructor (Table B): class 12 Spell, type/model 0. Table B for a class is *(int*)(0x943de+class*0x12), 14-byte records."
0x0003a360,spell_create_alliance_3a360,"Thing constructor (Table B): class 12 Spell, type/model 2. Table B for a class is *(int*)(0x943de+class*0x12), 14-byte records."
0x0003a390,spell_create_heal_3a390,"Thing constructor (Table B): class 12 Spell, type/model 1. Table B for a class is *(int*)(0x943de+class*0x12), 14-byte records."
0x0003a3c0,spell_create_teleport_3a3c0,"Thing constructor (Table B): class 12 Spell, type/model 10. Table B for a class is *(int*)(0x943de+class*0x12), 14-byte records."
0x0003a3f0,spell_create_earthquake_3a3f0,"Thing constructor (Table B): class 12 Spell, type/model 6. Table B for a class is *(int*)(0x943de+class*0x12), 14-byte records."
0x0003a420,spell_create_mana_magnet_3a420,"Thing constructor (Table B): class 12 Spell, type/model 19. Table B for a class is *(int*)(0x943de+class*0x12), 14-byte records."
0x0003a450,spell_create_shield_3a450,"Thing constructor (Table B): class 12 Spell, type/model 4. Table B for a class is *(int*)(0x943de+class*0x12), 14-byte records."
0x0003a480,spell_create_meteor_3a480,"Thing constructor (Table B): class 12 Spell, type/model 7. Table B for a class is *(int*)(0x943de+class*0x12), 14-byte records."
0x0003a4b0,spell_create_rebound_3a4b0,"Thing constructor (Table B): class 12 Spell, type/model 14. Table B for a class is *(int*)(0x943de+class*0x12), 14-byte records."
0x0003a4e0,spell_create_lightning_3a4e0,"Thing constructor (Table B): class 12 Spell, type/model 15. Table B for a class is *(int*)(0x943de+class*0x12), 14-byte records."
0x0003a510,spell_create_rubber_band_3a510,"Thing constructor (Table B): class 12 Spell, type/model 11. Table B for a class is *(int*)(0x943de+class*0x12), 14-byte records."
0x0003a540,spell_create_steal_mana_3a540,"Thing constructor (Table B): class 12 Spell, type/model 13. Table B for a class is *(int*)(0x943de+class*0x12), 14-byte records."
0x0003a570,spell_create_invisible_3a570,"Thing constructor (Table B): class 12 Spell, type/model 12. Table B for a class is *(int*)(0x943de+class*0x12), 14-byte records."
0x0003a5a0,spell_create_crater_3a5a0,"Thing constructor (Table B): class 12 Spell, type/model 9. Table B for a class is *(int*)(0x943de+class*0x12), 14-byte records."
0x0003a5d0,spell_create_beyond_sight_3a5d0,"Thing constructor (Table B): class 12 Spell, type/model 5. Table B for a class is *(int*)(0x943de+class*0x12), 14-byte records."
0x0003a600,spell_create_thunderbolt_3a600,"Thing constructor (Table B): class 12 Spell, type/model 18. Table B for a class is *(int*)(0x943de+class*0x12), 14-byte records."
0x0003a630,spell_create_volcano_3a630,"Thing constructor (Table B): class 12 Spell, type/model 8. Table B for a class is *(int*)(0x943de+class*0x12), 14-byte records."
0x0003a660,spell_create_skeleton_3a660,"Thing constructor (Table B): class 12 Spell, type/model 17. Table B for a class is *(int*)(0x943de+class*0x12), 14-byte records."
0x0003a690,spell_create_fire_wall_3a690,"Thing constructor (Table B): class 12 Spell, type/model 20. Table B for a class is *(int*)(0x943de+class*0x12), 14-byte records."
0x0003a6c0,spell_create_reverse_speed_3a6c0,"Thing constructor (Table B): class 12 Spell, type/model 21. Table B for a class is *(int*)(0x943de+class*0x12), 14-byte records."
0x0003a6f0,spell_create_smart_bomb_3a6f0,"Thing constructor (Table B): class 12 Spell, type/model 22. Table B for a class is *(int*)(0x943de+class*0x12), 14-byte records."
0x0003a720,spell_create_mini_fireball_3a720,"Thing constructor (Table B): class 12 Spell, type/model 23. Table B for a class is *(int*)(0x943de+class*0x12), 14-byte records."
0x0003a750,class13_create_type0_3a750,"Thing constructor (Table B): class 13 ?, type/model 0. Table B for a class is *(int*)(0x943de+class*0x12), 14-byte records."
0x0003a780,class13_create_type1_3a780,"Thing constructor (Table B): class 13 ?, type/model 1. Table B for a class is *(int*)(0x943de+class*0x12), 14-byte records."
0x0003a7b0,class13_create_type2_3a7b0,"Thing constructor (Table B): class 13 ?, type/model 2. Table B for a class is *(int*)(0x943de+class*0x12), 14-byte records."
0x0003a7e0,class13_create_type3_3a7e0,"Thing constructor (Table B): class 13 ?, type/model 3. Table B for a class is *(int*)(0x943de+class*0x12), 14-byte records."
0x0003ea90,class13_update_shared_3ea90,"Shared update handler for class 13 (?) states [0, 1, 2, 3]."
0x000402c0,player_flyer_s0_update_402c0,"Thing update handler (Table A): class 3 Player, state (+0x46) 0. Table A is *(int*)(0x943da+class*0x12)."
0x000405f0,player_dying_s2_update_405f0,"Thing update handler (Table A): class 3 Player, state (+0x46) 2. Table A is *(int*)(0x943da+class*0x12)."
0x00040ab0,player_dead_s3_update_40ab0,"Thing update handler (Table A): class 3 Player, state (+0x46) 3. Table A is *(int*)(0x943da+class*0x12)."
0x000413a0,player_castle_active_s4_update_413a0,"Thing update handler (Table A): class 3 Player, state (+0x46) 4. Table A is *(int*)(0x943da+class*0x12)."
0x00041500,player_castle_build_s5_update_41500,"Thing update handler (Table A): class 3 Player, state (+0x46) 5. Table A is *(int*)(0x943da+class*0x12)."
0x000416d0,player_castle_destroyed_s6_update_416d0,"Thing update handler (Table A): class 3 Player, state (+0x46) 6. Table A is *(int*)(0x943da+class*0x12)."
0x00042520,player_update_shared_42520,"Shared update handler for class 3 (Player) states [7, 8]."
0x00042530,player_balloon_s9_update_42530,"Thing update handler (Table A): class 3 Player, state (+0x46) 9. Table A is *(int*)(0x943da+class*0x12)."
0x00042760,player_unused_s10_update_42760,"Thing update handler (Table A): class 3 Player, state (+0x46) 10. Table A is *(int*)(0x943da+class*0x12)."
0x00042960,class8_update_shared_42960,"Shared update handler for class 8 (?) states [0, 1, 2, 3, 4, 5]."
0x00043ba0,scenery_tree_s0_update_43ba0,"Thing update handler (Table A): class 2 Scenery, state (+0x46) 0. Table A is *(int*)(0x943da+class*0x12)."
0x00043cd0,scenery_tree_s1_update_43cd0,"Thing update handler (Table A): class 2 Scenery, state (+0x46) 1. Table A is *(int*)(0x943da+class*0x12)."
0x00043d60,scenery_tree_s2_update_43d60,"Thing update handler (Table A): class 2 Scenery, state (+0x46) 2. Table A is *(int*)(0x943da+class*0x12)."
0x00043db0,scenery_standing_stone_s3_update_43db0,"Thing update handler (Table A): class 2 Scenery, state (+0x46) 3. Table A is *(int*)(0x943da+class*0x12)."
0x00043dd0,scenery_update_shared_43dd0,"Shared update handler for class 2 (Scenery) states [4, 5]."
0x00043de0,scenery_dolmen_s6_update_43de0,"Thing update handler (Table A): class 2 Scenery, state (+0x46) 6. Table A is *(int*)(0x943da+class*0x12)."
0x00043e50,scenery_update_shared_43e50,"Shared update handler for class 2 (Scenery) states [7, 8]."
0x00043e60,scenery_bad_stone_s9_update_43e60,"Thing update handler (Table A): class 2 Scenery, state (+0x46) 9. Table A is *(int*)(0x943da+class*0x12)."
0x00043e80,scenery_update_shared_43e80,"Shared update handler for class 2 (Scenery) states [10, 11, 12, 13, 14, 15, 16, 17]."
0x00044510,projectile_type0_s0_update_44510,"Thing update handler (Table A): class 9 ?, state (+0x46) 0. Table A is *(int*)(0x943da+class*0x12)."
0x000448b0,projectile_type1_s1_update_448b0,"Thing update handler (Table A): class 9 ?, state (+0x46) 1. Table A is *(int*)(0x943da+class*0x12)."
0x00044a40,projectile_update_shared_44a40,"Shared update handler for class 9 (?) states [2, 4, 5, 6, 11, 15, 16, 17, 20]."
0x00044a50,projectile_type3_s3_update_44a50,"Thing update handler (Table A): class 9 ?, state (+0x46) 3. Table A is *(int*)(0x943da+class*0x12)."
0x00044a90,projectile_type7_s7_update_44a90,"Thing update handler (Table A): class 9 ?, state (+0x46) 7. Table A is *(int*)(0x943da+class*0x12)."
0x00044aa0,projectile_type8_s8_update_44aa0,"Thing update handler (Table A): class 9 ?, state (+0x46) 8. Table A is *(int*)(0x943da+class*0x12)."
0x00044fc0,projectile_type9_s9_update_44fc0,"Thing update handler (Table A): class 9 ?, state (+0x46) 9. Table A is *(int*)(0x943da+class*0x12)."
0x00045360,projectile_type10_s10_update_45360,"Thing update handler (Table A): class 9 ?, state (+0x46) 10. Table A is *(int*)(0x943da+class*0x12)."
0x000457a0,projectile_type12_s12_update_457a0,"Thing update handler (Table A): class 9 ?, state (+0x46) 12. Table A is *(int*)(0x943da+class*0x12)."
0x00045b60,projectile_type13_s13_update_45b60,"Thing update handler (Table A): class 9 ?, state (+0x46) 13. Table A is *(int*)(0x943da+class*0x12)."
0x00045c70,projectile_lightning_segment_s14_update_45c70,"Thing update handler (Table A): class 9 ?, state (+0x46) 14. Table A is *(int*)(0x943da+class*0x12)."
0x00045c90,projectile_type17_s18_update_45c90,"Thing update handler (Table A): class 9 ?, state (+0x46) 18. Table A is *(int*)(0x943da+class*0x12)."
0x00045e60,projectile_type18_s19_update_45e60,"Thing update handler (Table A): class 9 ?, state (+0x46) 19. Table A is *(int*)(0x943da+class*0x12)."
0x00047130,spell_fireball_s0_update_47130,"Thing update handler (Table A): class 12 Spell, state (+0x46) 0. Table A is *(int*)(0x943da+class*0x12)."
0x000472f0,spell_phase1_common_472f0,Shared spell update handler for phase 1 of every spell (states 1..70).
0x00047300,spell_phase2_common_47300,Shared spell update handler for phase 2 of every spell (states 2..71).
0x00047310,spell_heal_s3_update_47310,"Thing update handler (Table A): class 12 Spell, state (+0x46) 3. Table A is *(int*)(0x943da+class*0x12)."
0x00047420,spell_alliance_s6_update_47420,"Thing update handler (Table A): class 12 Spell, state (+0x46) 6. Table A is *(int*)(0x943da+class*0x12)."
0x000475b0,spell_possession_s9_update_475b0,"Thing update handler (Table A): class 12 Spell, state (+0x46) 9. Table A is *(int*)(0x943da+class*0x12)."
0x00047760,spell_shield_s12_update_47760,"Thing update handler (Table A): class 12 Spell, state (+0x46) 12. Table A is *(int*)(0x943da+class*0x12)."
0x000477d0,spell_beyond_sight_s15_update_477d0,"Thing update handler (Table A): class 12 Spell, state (+0x46) 15. Table A is *(int*)(0x943da+class*0x12)."
0x00047840,spell_earthquake_s18_update_47840,"Thing update handler (Table A): class 12 Spell, state (+0x46) 18. Table A is *(int*)(0x943da+class*0x12)."
0x000479f0,spell_meteor_s21_update_479f0,"Thing update handler (Table A): class 12 Spell, state (+0x46) 21. Table A is *(int*)(0x943da+class*0x12)."
0x00047b90,spell_volcano_s24_update_47b90,"Thing update handler (Table A): class 12 Spell, state (+0x46) 24. Table A is *(int*)(0x943da+class*0x12)."
0x00047d40,spell_crater_s27_update_47d40,"Thing update handler (Table A): class 12 Spell, state (+0x46) 27. Table A is *(int*)(0x943da+class*0x12)."
0x00047ef0,spell_teleport_s30_update_47ef0,"Thing update handler (Table A): class 12 Spell, state (+0x46) 30. Table A is *(int*)(0x943da+class*0x12)."
0x000480e0,spell_rubber_band_s33_update_480e0,"Thing update handler (Table A): class 12 Spell, state (+0x46) 33. Table A is *(int*)(0x943da+class*0x12)."
0x00048250,spell_invisible_s36_update_48250,"Thing update handler (Table A): class 12 Spell, state (+0x46) 36. Table A is *(int*)(0x943da+class*0x12)."
0x000482f0,spell_steal_mana_s39_update_482f0,"Thing update handler (Table A): class 12 Spell, state (+0x46) 39. Table A is *(int*)(0x943da+class*0x12)."
0x00048490,spell_rebound_s42_update_48490,"Thing update handler (Table A): class 12 Spell, state (+0x46) 42. Table A is *(int*)(0x943da+class*0x12)."
0x00048510,spell_lightning_s45_update_48510,"Thing update handler (Table A): class 12 Spell, state (+0x46) 45. Table A is *(int*)(0x943da+class*0x12)."
0x000486b0,spell_castle_s48_update_486b0,"Thing update handler (Table A): class 12 Spell, state (+0x46) 48. Table A is *(int*)(0x943da+class*0x12)."
0x000488a0,spell_skeleton_s51_update_488a0,"Thing update handler (Table A): class 12 Spell, state (+0x46) 51. Table A is *(int*)(0x943da+class*0x12)."
0x00048a70,spell_thunderbolt_s54_update_48a70,"Thing update handler (Table A): class 12 Spell, state (+0x46) 54. Table A is *(int*)(0x943da+class*0x12)."
0x00048c20,spell_mana_magnet_s57_update_48c20,"Thing update handler (Table A): class 12 Spell, state (+0x46) 57. Table A is *(int*)(0x943da+class*0x12)."
0x00048de0,spell_fire_wall_s60_update_48de0,"Thing update handler (Table A): class 12 Spell, state (+0x46) 60. Table A is *(int*)(0x943da+class*0x12)."
0x00048fa0,spell_reverse_speed_s63_update_48fa0,"Thing update handler (Table A): class 12 Spell, state (+0x46) 63. Table A is *(int*)(0x943da+class*0x12)."
0x00049140,spell_update_shared_49140,"Shared update handler for class 12 (Spell) states [66, 68]."
0x000492e0,spell_mini_fireball_s69_update_492e0,"Thing update handler (Table A): class 12 Spell, state (+0x46) 69. Table A is *(int*)(0x943da+class*0x12)."
0x0004a2a0,switch_hidden_inside_s0_update_4a2a0,"Thing update handler (Table A): class 11 Switch, state (+0x46) 0. Table A is *(int*)(0x943da+class*0x12)."
0x0004a2d0,switch_hidden_outside_s1_update_4a2d0,"Thing update handler (Table A): class 11 Switch, state (+0x46) 1. Table A is *(int*)(0x943da+class*0x12)."
0x0004a300,switch_hidden_inside_re_s2_update_4a300,"Thing update handler (Table A): class 11 Switch, state (+0x46) 2. Table A is *(int*)(0x943da+class*0x12)."
0x0004a350,switch_type3_s3_update_4a350,"Thing update handler (Table A): class 11 Switch, state (+0x46) 3. Table A is *(int*)(0x943da+class*0x12)."
0x0004a3a0,switch_on_victory_s4_update_4a3a0,"Thing update handler (Table A): class 11 Switch, state (+0x46) 4. Table A is *(int*)(0x943da+class*0x12)."
0x0004a460,switch_death_inside_s5_update_4a460,"Thing update handler (Table A): class 11 Switch, state (+0x46) 5. Table A is *(int*)(0x943da+class*0x12)."
0x0004a490,switch_death_outside_s6_update_4a490,"Thing update handler (Table A): class 11 Switch, state (+0x46) 6. Table A is *(int*)(0x943da+class*0x12)."
0x0004a4c0,switch_death_inside_re_s7_update_4a4c0,"Thing update handler (Table A): class 11 Switch, state (+0x46) 7. Table A is *(int*)(0x943da+class*0x12)."
0x0004a510,switch_type8_s8_update_4a510,"Thing update handler (Table A): class 11 Switch, state (+0x46) 8. Table A is *(int*)(0x943da+class*0x12)."
0x0004a560,switch_obvious_inside_s9_update_4a560,"Thing update handler (Table A): class 11 Switch, state (+0x46) 9. Table A is *(int*)(0x943da+class*0x12)."
0x0004a590,switch_obvious_outside_s10_update_4a590,"Thing update handler (Table A): class 11 Switch, state (+0x46) 10. Table A is *(int*)(0x943da+class*0x12)."
0x0004a5c0,switch_type11_s11_update_4a5c0,"Thing update handler (Table A): class 11 Switch, state (+0x46) 11. Table A is *(int*)(0x943da+class*0x12)."
0x0004a610,switch_type12_s12_update_4a610,"Thing update handler (Table A): class 11 Switch, state (+0x46) 12. Table A is *(int*)(0x943da+class*0x12)."
0x0004a780,switch_dragon_trigger_s13_update_4a780,"Thing update handler (Table A): class 11 Switch, state (+0x46) 13. Table A is *(int*)(0x943da+class*0x12)."
0x0004a790,switch_type14_s14_update_4a790,"Thing update handler (Table A): class 11 Switch, state (+0x46) 14. Table A is *(int*)(0x943da+class*0x12)."
0x0004a7a0,switch_type15_s15_update_4a7a0,"Thing update handler (Table A): class 11 Switch, state (+0x46) 15. Table A is *(int*)(0x943da+class*0x12)."
0x0004a7b0,switch_none_trigger_s16_update_4a7b0,"Thing update handler (Table A): class 11 Switch, state (+0x46) 16. Table A is *(int*)(0x943da+class*0x12)."
0x0004a7c0,switch_type17_s17_update_4a7c0,"Thing update handler (Table A): class 11 Switch, state (+0x46) 17. Table A is *(int*)(0x943da+class*0x12)."
0x0004a7d0,switch_crab_trigger_s18_update_4a7d0,"Thing update handler (Table A): class 11 Switch, state (+0x46) 18. Table A is *(int*)(0x943da+class*0x12)."
0x0004a7e0,switch_kraken_trigger_s19_update_4a7e0,"Thing update handler (Table A): class 11 Switch, state (+0x46) 19. Table A is *(int*)(0x943da+class*0x12)."
0x0004a7f0,switch_troll_trigger_s20_update_4a7f0,"Thing update handler (Table A): class 11 Switch, state (+0x46) 20. Table A is *(int*)(0x943da+class*0x12)."
0x0004a800,switch_type21_s21_update_4a800,"Thing update handler (Table A): class 11 Switch, state (+0x46) 21. Table A is *(int*)(0x943da+class*0x12)."
0x0004a810,switch_type22_s22_update_4a810,"Thing update handler (Table A): class 11 Switch, state (+0x46) 22. Table A is *(int*)(0x943da+class*0x12)."
0x0004a820,switch_type23_s23_update_4a820,"Thing update handler (Table A): class 11 Switch, state (+0x46) 23. Table A is *(int*)(0x943da+class*0x12)."
0x0004a830,switch_genie_trigger_s24_update_4a830,"Thing update handler (Table A): class 11 Switch, state (+0x46) 24. Table A is *(int*)(0x943da+class*0x12)."
0x0004a840,switch_type25_s25_update_4a840,"Thing update handler (Table A): class 11 Switch, state (+0x46) 25. Table A is *(int*)(0x943da+class*0x12)."
0x0004a850,switch_type26_s26_update_4a850,"Thing update handler (Table A): class 11 Switch, state (+0x46) 26. Table A is *(int*)(0x943da+class*0x12)."
0x0004a860,switch_type27_s27_update_4a860,"Thing update handler (Table A): class 11 Switch, state (+0x46) 27. Table A is *(int*)(0x943da+class*0x12)."
0x0004a870,switch_type28_s28_update_4a870,"Thing update handler (Table A): class 11 Switch, state (+0x46) 28. Table A is *(int*)(0x943da+class*0x12)."
0x0004a880,switch_type29_s29_update_4a880,"Thing update handler (Table A): class 11 Switch, state (+0x46) 29. Table A is *(int*)(0x943da+class*0x12)."
0x0004a890,switch_creature_all_s30_update_4a890,"Thing update handler (Table A): class 11 Switch, state (+0x46) 30. Table A is *(int*)(0x943da+class*0x12)."
0x0004a8a0,switch_type31_s31_update_4a8a0,"Thing update handler (Table A): class 11 Switch, state (+0x46) 31. Table A is *(int*)(0x943da+class*0x12)."
0x0004b570,weather_update_shared_4b570,"Shared update handler for class 7 (Weather) states [0, 1, 2, 3, 4]."
